"","GOOG.Open","GOOG.High","GOOG.Low","GOOG.Close","GOOG.Volume","GOOG.Adjusted","date"
"2019-01-02",1016.570007,1052.319946,1015.710022,1045.849976,1532600,1045.849976,2019-01-02
"2019-01-03",1041,1056.97998,1014.070007,1016.059998,1841100,1016.059998,2019-01-03
"2019-01-04",1032.589966,1070.839966,1027.417969,1070.709961,2093900,1070.709961,2019-01-04
"2019-01-07",1071.5,1074,1054.76001,1068.390015,1981900,1068.390015,2019-01-07
"2019-01-08",1076.109985,1084.560059,1060.530029,1076.280029,1764900,1076.280029,2019-01-08
"2019-01-09",1081.650024,1082.630005,1066.400024,1074.660034,1199300,1074.660034,2019-01-09
"2019-01-10",1067.660034,1071.150024,1057.709961,1070.329956,1456400,1070.329956,2019-01-10
"2019-01-11",1063.180054,1063.775024,1048.47998,1057.189941,1520800,1057.189941,2019-01-11
"2019-01-14",1046.920044,1051.530029,1041.255005,1044.689941,1144300,1044.689941,2019-01-14
"2019-01-15",1050.170044,1080.050049,1047.339966,1077.150024,1463600,1077.150024,2019-01-15
"2019-01-16",1080,1092.375,1079.339966,1080.969971,1331800,1080.969971,2019-01-16
"2019-01-17",1079.469971,1091.800049,1073.5,1089.900024,1242700,1089.900024,2019-01-17
"2019-01-18",1100,1108.352051,1090.900024,1098.26001,1955600,1098.26001,2019-01-18
"2019-01-22",1088,1091.51001,1063.469971,1070.52002,1613500,1070.52002,2019-01-22
"2019-01-23",1077.349976,1084.930054,1059.75,1075.569946,967000,1075.569946,2019-01-23
"2019-01-24",1076.47998,1079.474976,1060.699951,1073.900024,1361300,1073.900024,2019-01-24
"2019-01-25",1085,1094,1081.819946,1090.98999,1119100,1090.98999,2019-01-25
"2019-01-28",1080.109985,1083,1063.800049,1070.079956,1284300,1070.079956,2019-01-28
"2019-01-29",1072.680054,1075.150024,1055.86499,1060.619995,1021800,1060.619995,2019-01-29
"2019-01-30",1068.430054,1091,1066.849976,1089.060059,1279800,1089.060059,2019-01-30
"2019-01-31",1103,1117.329956,1095.410034,1116.369995,1538300,1116.369995,2019-01-31
"2019-02-01",1112.400024,1125,1104.890015,1110.75,1462200,1110.75,2019-02-01
"2019-02-04",1112.660034,1132.800049,1109.02002,1132.800049,2576500,1132.800049,2019-02-04
"2019-02-05",1124.839966,1146.849976,1117.248047,1145.98999,3552200,1145.98999,2019-02-05
"2019-02-06",1139.569946,1147,1112.77002,1115.22998,2105600,1115.22998,2019-02-06
"2019-02-07",1104.160034,1104.839966,1086,1098.709961,2044800,1098.709961,2019-02-07
"2019-02-08",1087,1098.910034,1086.550049,1095.060059,1075800,1095.060059,2019-02-08
"2019-02-11",1096.949951,1105.944946,1092.859985,1095.01001,1065200,1095.01001,2019-02-11
"2019-02-12",1106.800049,1125.295044,1105.849976,1121.369995,1609100,1121.369995,2019-02-12
"2019-02-13",1124.98999,1134.72998,1118.5,1120.160034,1049800,1120.160034,2019-02-13
"2019-02-14",1118.050049,1128.22998,1110.444946,1121.670044,947600,1121.670044,2019-02-14
"2019-02-15",1130.079956,1131.670044,1110.650024,1113.650024,1449800,1113.650024,2019-02-15
"2019-02-19",1110,1121.890015,1110,1118.560059,1046400,1118.560059,2019-02-19
"2019-02-20",1119.98999,1123.410034,1105.280029,1113.800049,1087800,1113.800049,2019-02-20
"2019-02-21",1110.839966,1111.939941,1092.52002,1096.969971,1415100,1096.969971,2019-02-21
"2019-02-22",1100.900024,1111.23999,1095.599976,1110.369995,1049500,1110.369995,2019-02-22
"2019-02-25",1116,1118.540039,1107.27002,1109.400024,1413100,1109.400024,2019-02-25
"2019-02-26",1105.75,1119.51001,1099.920044,1115.130005,1471300,1115.130005,2019-02-26
"2019-02-27",1106.949951,1117.97998,1101,1116.050049,968400,1116.050049,2019-02-27
"2019-02-28",1111.300049,1127.650024,1111.01001,1119.920044,1542500,1119.920044,2019-02-28
"2019-03-01",1124.900024,1142.969971,1124.75,1140.98999,1450300,1140.98999,2019-03-01
"2019-03-04",1146.98999,1158.280029,1130.689941,1147.800049,1446000,1147.800049,2019-03-04
"2019-03-05",1150.060059,1169.609985,1146.194946,1162.030029,1443200,1162.030029,2019-03-05
"2019-03-06",1162.48999,1167.56604,1155.48999,1157.859985,1099300,1157.859985,2019-03-06
"2019-03-07",1155.719971,1156.755005,1134.910034,1143.300049,1166600,1143.300049,2019-03-07
"2019-03-08",1126.72998,1147.079956,1123.300049,1142.319946,1212400,1142.319946,2019-03-08
"2019-03-11",1144.449951,1176.189941,1144.449951,1175.76001,1719200,1175.76001,2019-03-11
"2019-03-12",1178.26001,1200,1178.26001,1193.199951,2013100,1193.199951,2019-03-12
"2019-03-13",1200.64502,1200.930054,1191.939941,1193.319946,1435900,1193.319946,2019-03-13
"2019-03-14",1194.51001,1197.880005,1184.47998,1185.550049,1172800,1185.550049,2019-03-14
"2019-03-15",1193.380005,1196.569946,1182.609985,1184.459961,2461800,1184.459961,2019-03-15
"2019-03-18",1183.300049,1190,1177.421021,1184.26001,1292600,1184.26001,2019-03-18
"2019-03-19",1188.810059,1200,1185.869995,1198.849976,1520700,1198.849976,2019-03-19
"2019-03-20",1197.349976,1227.140015,1196.170044,1223.969971,2227400,1223.969971,2019-03-20
"2019-03-21",1216,1231.790039,1213.150024,1231.540039,1204000,1231.540039,2019-03-21
"2019-03-22",1226.319946,1230,1202.824951,1205.5,1714200,1205.5,2019-03-22
"2019-03-25",1196.930054,1206.397949,1187.040039,1193,1496800,1193,2019-03-25
"2019-03-26",1198.530029,1202.829956,1176.719971,1184.619995,1901200,1184.619995,2019-03-26
"2019-03-27",1185.5,1187.55896,1159.369995,1173.02002,1400200,1173.02002,2019-03-27
"2019-03-28",1171.540039,1171.564941,1159.43103,1168.48999,961700,1168.48999,2019-03-28
"2019-03-29",1174.900024,1178.98999,1162.880005,1173.310059,1269900,1173.310059,2019-03-29
"2019-04-01",1184.099976,1196.660034,1182,1194.430054,1252500,1194.430054,2019-04-01
"2019-04-02",1195.319946,1201.349976,1185.709961,1200.48999,827900,1200.48999,2019-04-02
"2019-04-03",1207.47998,1216.300049,1200.5,1205.920044,1014300,1205.920044,2019-04-03
"2019-04-04",1205.939941,1215.670044,1204.130005,1215,950000,1215,2019-04-04
"2019-04-05",1214.98999,1216.219971,1205.030029,1207.150024,907200,1207.150024,2019-04-05
"2019-04-08",1207.890015,1208.689941,1199.859985,1203.839966,860200,1203.839966,2019-04-08
"2019-04-09",1196,1202.290039,1193.079956,1197.25,876400,1197.25,2019-04-09
"2019-04-10",1200.680054,1203.785034,1196.435059,1202.160034,724600,1202.160034,2019-04-10
"2019-04-11",1203.959961,1207.959961,1200.130005,1204.619995,710200,1204.619995,2019-04-11
"2019-04-12",1210,1218.349976,1208.109985,1217.869995,933400,1217.869995,2019-04-12
"2019-04-15",1218,1224.199951,1209.109985,1221.099976,1187400,1221.099976,2019-04-15
"2019-04-16",1225,1230.819946,1220.119995,1227.130005,856300,1227.130005,2019-04-16
"2019-04-17",1233,1240.560059,1227.819946,1236.339966,1221900,1236.339966,2019-04-17
"2019-04-18",1239.180054,1242,1234.609985,1236.369995,1331800,1236.369995,2019-04-18
"2019-04-22",1235.98999,1249.089966,1228.310059,1248.839966,807300,1248.839966,2019-04-22
"2019-04-23",1250.689941,1269,1246.380005,1264.550049,1319900,1264.550049,2019-04-23
"2019-04-24",1264.119995,1268.01001,1255,1256,1018800,1256,2019-04-24
"2019-04-25",1264.77002,1267.407959,1252.030029,1263.449951,1107300,1263.449951,2019-04-25
"2019-04-26",1269,1273.069946,1260.319946,1272.180054,1241400,1272.180054,2019-04-26
"2019-04-29",1274,1289.27002,1266.295044,1287.579956,2499400,1287.579956,2019-04-29
"2019-04-30",1185,1192.810059,1175,1188.47998,6207000,1188.47998,2019-04-30
"2019-05-01",1188.050049,1188.050049,1167.180054,1168.079956,2639200,1168.079956,2019-05-01
"2019-05-02",1167.76001,1174.189941,1155.001953,1162.609985,1944800,1162.609985,2019-05-02
"2019-05-03",1173.650024,1186.800049,1169,1185.400024,1980700,1185.400024,2019-05-03
"2019-05-06",1166.26001,1190.849976,1166.26001,1189.390015,1563900,1189.390015,2019-05-06
"2019-05-07",1180.469971,1190.439941,1161.040039,1174.099976,1551400,1174.099976,2019-05-07
"2019-05-08",1172.01001,1180.42395,1165.73999,1166.27002,1309300,1166.27002,2019-05-08
"2019-05-09",1159.030029,1169.660034,1150.849976,1162.380005,1185700,1162.380005,2019-05-09
"2019-05-10",1163.589966,1172.599976,1142.5,1164.27002,1314500,1164.27002,2019-05-10
"2019-05-13",1141.959961,1147.939941,1122.109985,1132.030029,1860600,1132.030029,2019-05-13
"2019-05-14",1137.209961,1140.420044,1119.550049,1120.439941,1836600,1120.439941,2019-05-14
"2019-05-15",1117.869995,1171.329956,1116.666016,1164.209961,2289300,1164.209961,2019-05-15
"2019-05-16",1164.51001,1188.160034,1162.839966,1178.97998,1531400,1178.97998,2019-05-16
"2019-05-17",1168.469971,1180.150024,1160.01001,1162.300049,1208600,1162.300049,2019-05-17
"2019-05-20",1144.5,1146.796997,1131.442993,1138.849976,1353300,1138.849976,2019-05-20
"2019-05-21",1148.48999,1152.708008,1137.939941,1149.630005,1159800,1149.630005,2019-05-21
"2019-05-22",1146.75,1158.52002,1145.890015,1151.420044,914500,1151.420044,2019-05-22
"2019-05-23",1140.5,1145.973022,1129.223999,1140.77002,1198900,1140.77002,2019-05-23
"2019-05-24",1147.359985,1149.765015,1131.660034,1133.469971,1112000,1133.469971,2019-05-24
"2019-05-28",1134,1151.587036,1133.119995,1134.150024,1365000,1134.150024,2019-05-28
"2019-05-29",1127.52002,1129.099976,1108.219971,1116.459961,1538200,1116.459961,2019-05-29
"2019-05-30",1115.540039,1123.130005,1112.119995,1117.949951,951900,1117.949951,2019-05-30
"2019-05-31",1101.290039,1109.599976,1100.180054,1103.630005,1507800,1103.630005,2019-05-31
"2019-06-03",1065.5,1065.5,1025,1036.22998,5130600,1036.22998,2019-06-03
"2019-06-04",1042.900024,1056.050049,1033.689941,1053.050049,2833500,1053.050049,2019-06-04
"2019-06-05",1051.540039,1053.550049,1030.48999,1042.219971,2168400,1042.219971,2019-06-05
"2019-06-06",1044.98999,1047.48999,1033.699951,1044.339966,1703200,1044.339966,2019-06-06
"2019-06-07",1050.630005,1070.920044,1048.400024,1066.040039,1802400,1066.040039,2019-06-07
"2019-06-10",1072.97998,1092.660034,1072.322021,1080.380005,1464200,1080.380005,2019-06-10
"2019-06-11",1093.97998,1101.98999,1077.603027,1078.719971,1436700,1078.719971,2019-06-11
"2019-06-12",1078,1080.930054,1067.540039,1077.030029,1061000,1077.030029,2019-06-12
"2019-06-13",1083.640015,1094.170044,1080.150024,1088.77002,1057700,1088.77002,2019-06-13
"2019-06-14",1086.420044,1092.689941,1080.171997,1085.349976,1111500,1085.349976,2019-06-14
"2019-06-17",1086.280029,1099.180054,1086.280029,1092.5,941600,1092.5,2019-06-17
"2019-06-18",1109.689941,1116.390015,1098.98999,1103.599976,1386700,1103.599976,2019-06-18
"2019-06-19",1105.599976,1107,1093.47998,1102.329956,1338800,1102.329956,2019-06-19
"2019-06-20",1119.98999,1120.119995,1104.73999,1111.420044,1262000,1111.420044,2019-06-20
"2019-06-21",1109.23999,1124.109985,1108.079956,1121.880005,1947600,1121.880005,2019-06-21
"2019-06-24",1119.609985,1122,1111.01001,1115.52002,1395600,1115.52002,2019-06-24
"2019-06-25",1112.660034,1114.349976,1083.800049,1086.349976,1546900,1086.349976,2019-06-25
"2019-06-26",1086.5,1092.969971,1072.23999,1079.800049,1810900,1079.800049,2019-06-26
"2019-06-27",1084,1087.099976,1075.290039,1076.01001,1004300,1076.01001,2019-06-27
"2019-06-28",1076.390015,1081,1073.369995,1080.910034,1693200,1080.910034,2019-06-28
"2019-07-01",1098,1107.579956,1093.703003,1097.949951,1436300,1097.949951,2019-07-01
"2019-07-02",1102.23999,1111.77002,1098.170044,1111.25,991600,1111.25,2019-07-02
"2019-07-03",1117.410034,1126.76001,1113.859985,1121.579956,767000,1121.579956,2019-07-03
"2019-07-05",1117.800049,1132.880005,1116.140015,1131.589966,1264300,1131.589966,2019-07-05
"2019-07-08",1125.170044,1125.97998,1111.209961,1116.349976,1236400,1116.349976,2019-07-08
"2019-07-09",1111.800049,1128.025024,1107.170044,1124.829956,1330400,1124.829956,2019-07-09
"2019-07-10",1131.219971,1142.050049,1130.969971,1140.47998,1209500,1140.47998,2019-07-10
"2019-07-11",1143.25,1153.069946,1139.579956,1144.209961,1195500,1144.209961,2019-07-11
"2019-07-12",1143.98999,1147.339966,1138.780029,1144.900024,864000,1144.900024,2019-07-12
"2019-07-15",1146.859985,1150.819946,1139.400024,1150.339966,903800,1150.339966,2019-07-15
"2019-07-16",1146,1158.579956,1145,1153.579956,1238800,1153.579956,2019-07-16
"2019-07-17",1150.969971,1158.359985,1145.77002,1146.349976,1170000,1146.349976,2019-07-17
"2019-07-18",1141.73999,1147.60498,1132.72998,1146.329956,1290700,1146.329956,2019-07-18
"2019-07-19",1148.189941,1151.140015,1129.619995,1130.099976,1647200,1130.099976,2019-07-19
"2019-07-22",1133.449951,1139.25,1124.23999,1138.069946,1301500,1138.069946,2019-07-22
"2019-07-23",1144,1146.900024,1131.800049,1146.209961,1093700,1146.209961,2019-07-23
"2019-07-24",1131.900024,1144,1126.98999,1137.810059,1589800,1137.810059,2019-07-24
"2019-07-25",1137.819946,1141.699951,1120.920044,1132.119995,2209800,1132.119995,2019-07-25
"2019-07-26",1224.040039,1265.550049,1224,1250.410034,4805800,1250.410034,2019-07-26
"2019-07-29",1241.050049,1247.369995,1228.22998,1239.410034,2223700,1239.410034,2019-07-29
"2019-07-30",1225.410034,1234.869995,1223.300049,1225.140015,1453300,1225.140015,2019-07-30
"2019-07-31",1223,1234,1207.764038,1216.680054,1725500,1216.680054,2019-07-31
"2019-08-01",1214.030029,1234.109985,1205.719971,1209.01001,1698500,1209.01001,2019-08-01
"2019-08-02",1200.73999,1206.900024,1188.939941,1193.98999,1645100,1193.98999,2019-08-02
"2019-08-05",1170.040039,1175.23999,1140.140015,1152.319946,2597500,1152.319946,2019-08-05
"2019-08-06",1163.310059,1179.959961,1160,1169.949951,1709400,1169.949951,2019-08-06
"2019-08-07",1156,1178.444946,1149.624023,1173.98999,1444300,1173.98999,2019-08-07
"2019-08-08",1182.829956,1205.01001,1173.02002,1204.800049,1468000,1204.800049,2019-08-08
"2019-08-09",1197.98999,1203.880005,1183.603027,1188.01001,1065700,1188.01001,2019-08-09
"2019-08-12",1179.209961,1184.959961,1167.671997,1174.709961,1003000,1174.709961,2019-08-12
"2019-08-13",1171.459961,1204.780029,1171.459961,1197.27002,1294400,1197.27002,2019-08-13
"2019-08-14",1176.310059,1182.300049,1160.540039,1164.290039,1578700,1164.290039,2019-08-14
"2019-08-15",1163.5,1175.839966,1162.109985,1167.26001,1218700,1167.26001,2019-08-15
"2019-08-16",1179.550049,1182.719971,1171.810059,1177.599976,1313300,1177.599976,2019-08-16
"2019-08-19",1190.089966,1206.98999,1190.089966,1198.449951,1231600,1198.449951,2019-08-19
"2019-08-20",1195.25,1196.060059,1182.109985,1182.689941,915500,1182.689941,2019-08-20
"2019-08-21",1193.150024,1199,1187.430054,1191.25,740700,1191.25,2019-08-21
"2019-08-22",1194.069946,1198.011963,1178.579956,1189.530029,947500,1189.530029,2019-08-22
"2019-08-23",1181.98999,1194.079956,1147.75,1151.290039,1687000,1151.290039,2019-08-23
"2019-08-26",1157.26001,1169.469971,1152.959961,1168.890015,1226100,1168.890015,2019-08-26
"2019-08-27",1180.530029,1182.400024,1161.449951,1167.839966,1077200,1167.839966,2019-08-27
"2019-08-28",1161.709961,1176.420044,1157.300049,1171.02002,802000,1171.02002,2019-08-28
"2019-08-29",1181.119995,1196.060059,1181.119995,1192.849976,1088400,1192.849976,2019-08-29
"2019-08-30",1198.5,1198.5,1183.802979,1188.099976,1129800,1188.099976,2019-08-30
"2019-09-03",1177.030029,1186.890015,1163.199951,1168.390015,1479900,1168.390015,2019-09-03
"2019-09-04",1176.709961,1183.47998,1171,1181.410034,1068900,1181.410034,2019-09-04
"2019-09-05",1191.530029,1213.040039,1191.530029,1211.380005,1408100,1211.380005,2019-09-05
"2019-09-06",1208.130005,1212.015015,1202.521973,1204.930054,1072100,1204.930054,2019-09-06
"2019-09-09",1204,1220,1192.619995,1204.410034,1471900,1204.410034,2019-09-09
"2019-09-10",1195.150024,1210,1194.579956,1206,1260100,1206,2019-09-10
"2019-09-11",1203.410034,1222.599976,1202.199951,1220.170044,1307000,1220.170044,2019-09-11
"2019-09-12",1224.300049,1241.859985,1223.02002,1234.25,1725900,1234.25,2019-09-12
"2019-09-13",1231.349976,1240.880005,1227.01001,1239.560059,1301400,1239.560059,2019-09-13
"2019-09-16",1229.52002,1239.560059,1225.609985,1231.300049,1053300,1231.300049,2019-09-16
"2019-09-17",1230.400024,1235,1223.689941,1229.150024,955100,1229.150024,2019-09-17
"2019-09-18",1227.51001,1235.609985,1216.530029,1232.410034,1135100,1232.410034,2019-09-18
"2019-09-19",1232.060059,1244.439941,1232.02002,1238.709961,996000,1238.709961,2019-09-19
"2019-09-20",1233.119995,1243.319946,1223.079956,1229.930054,2270000,1229.930054,2019-09-20
"2019-09-23",1226,1239.089966,1224.170044,1234.030029,1062400,1234.030029,2019-09-23
"2019-09-24",1240,1246.73999,1210.680054,1218.76001,1583200,1218.76001,2019-09-24
"2019-09-25",1215.819946,1248.300049,1210.089966,1246.52002,1453000,1246.52002,2019-09-25
"2019-09-26",1241.959961,1245,1232.267944,1241.390015,1538000,1241.390015,2019-09-26
"2019-09-27",1243.01001,1244.02002,1214.449951,1225.089966,1353900,1225.089966,2019-09-27
"2019-09-30",1220.969971,1226,1212.300049,1219,1404100,1219,2019-09-30
"2019-10-01",1219,1231.22998,1203.579956,1205.099976,1273500,1205.099976,2019-10-01
"2019-10-02",1196.97998,1196.97998,1171.290039,1176.630005,1615100,1176.630005,2019-10-02
"2019-10-03",1180,1189.060059,1162.430054,1187.829956,1621200,1187.829956,2019-10-03
"2019-10-04",1191.890015,1211.439941,1189.170044,1209,1162400,1209,2019-10-04
"2019-10-07",1204.400024,1218.203979,1203.75,1207.680054,842900,1207.680054,2019-10-07
"2019-10-08",1197.589966,1206.079956,1189.01001,1189.130005,1039300,1189.130005,2019-10-08
"2019-10-09",1199.349976,1208.349976,1197.630005,1202.310059,867700,1202.310059,2019-10-09
"2019-10-10",1198.579956,1215,1197.339966,1208.670044,846600,1208.670044,2019-10-10
"2019-10-11",1222.209961,1228.390015,1213.73999,1215.449951,1272700,1215.449951,2019-10-11
"2019-10-14",1212.339966,1226.329956,1211.76001,1217.140015,867500,1217.140015,2019-10-14
"2019-10-15",1220.400024,1247.329956,1220.400024,1243.01001,1381700,1243.01001,2019-10-15
"2019-10-16",1241.170044,1254.73999,1238.449951,1243.640015,1094600,1243.640015,2019-10-16
"2019-10-17",1250.930054,1263.324951,1249.939941,1253.069946,952400,1253.069946,2019-10-17
"2019-10-18",1253.459961,1258.890015,1241.079956,1245.48999,1352800,1245.48999,2019-10-18
"2019-10-21",1252.26001,1254.629028,1240.599976,1246.150024,1027200,1246.150024,2019-10-21
"2019-10-22",1247.849976,1250.599976,1241.380005,1242.800049,1023800,1242.800049,2019-10-22
"2019-10-23",1242.359985,1259.890015,1242.359985,1259.130005,911500,1259.130005,2019-10-23
"2019-10-24",1260.900024,1264,1253.714966,1260.98999,1028100,1260.98999,2019-10-24
"2019-10-25",1251.030029,1269.599976,1250.01001,1265.130005,1213100,1265.130005,2019-10-25
"2019-10-28",1275.449951,1299.310059,1272.540039,1290,2613200,1290,2019-10-28
"2019-10-29",1276.22998,1281.589966,1257.212036,1262.619995,1886400,1262.619995,2019-10-29
"2019-10-30",1252.969971,1269.359985,1252,1261.290039,1408900,1261.290039,2019-10-30
"2019-10-31",1261.280029,1267.670044,1250.843018,1260.109985,1455700,1260.109985,2019-10-31
"2019-11-01",1265,1274.619995,1260.5,1273.73999,1670100,1273.73999,2019-11-01
"2019-11-04",1276.449951,1294.130005,1276.35498,1291.369995,1501000,1291.369995,2019-11-04
"2019-11-05",1292.890015,1298.930054,1291.229004,1292.030029,1282700,1292.030029,2019-11-05
"2019-11-06",1289.459961,1293.72998,1282.5,1291.800049,1153000,1291.800049,2019-11-06
"2019-11-07",1294.280029,1323.73999,1294.244995,1308.859985,2030000,1308.859985,2019-11-07
"2019-11-08",1305.280029,1318,1304.36499,1311.369995,1251400,1311.369995,2019-11-08
"2019-11-11",1303.180054,1306.425049,1297.410034,1299.189941,1011900,1299.189941,2019-11-11
"2019-11-12",1300,1310,1295.77002,1298.800049,1085900,1298.800049,2019-11-12
"2019-11-13",1294.069946,1304.300049,1293.51001,1298,826700,1298,2019-11-13
"2019-11-14",1297.5,1317,1295.650024,1311.459961,1193500,1311.459961,2019-11-14
"2019-11-15",1318.939941,1334.880005,1314.280029,1334.869995,1782600,1334.869995,2019-11-15
"2019-11-18",1332.219971,1335.529053,1317.5,1320.699951,1487400,1320.699951,2019-11-18
"2019-11-19",1327.699951,1327.699951,1312.800049,1315.459961,1269200,1315.459961,2019-11-19
"2019-11-20",1311.73999,1315,1291.150024,1303.050049,1308600,1303.050049,2019-11-20
"2019-11-21",1301.47998,1312.589966,1293,1301.349976,995500,1301.349976,2019-11-21
"2019-11-22",1305.619995,1308.72998,1291.410034,1295.339966,1385700,1295.339966,2019-11-22
"2019-11-25",1299.180054,1311.310059,1298.130005,1306.689941,1036200,1306.689941,2019-11-25
"2019-11-26",1309.859985,1314.800049,1305.089966,1313.550049,1069700,1313.550049,2019-11-26
"2019-11-27",1315,1318.359985,1309.630005,1312.98999,995600,1312.98999,2019-11-27
"2019-11-29",1307.119995,1310.204956,1303.969971,1304.959961,587000,1304.959961,2019-11-29
"2019-12-02",1301,1305.829956,1281,1289.920044,1510900,1289.920044,2019-12-02
"2019-12-03",1279.569946,1298.46106,1279,1295.280029,1143800,1295.280029,2019-12-03
"2019-12-04",1307.01001,1325.800049,1304.869995,1320.540039,1537500,1320.540039,2019-12-04
"2019-12-05",1328,1329.358032,1316.439941,1328.130005,1212700,1328.130005,2019-12-05
"2019-12-06",1333.439941,1344,1333.439941,1340.619995,1314800,1340.619995,2019-12-06
"2019-12-09",1338.040039,1359.449951,1337.839966,1343.560059,1354300,1343.560059,2019-12-09
"2019-12-10",1341.5,1349.974976,1336.040039,1344.660034,1094100,1344.660034,2019-12-10
"2019-12-11",1350.839966,1351.199951,1342.670044,1345.02002,850400,1345.02002,2019-12-11
"2019-12-12",1345.939941,1355.775024,1340.5,1350.27002,1281000,1350.27002,2019-12-12
"2019-12-13",1347.949951,1353.093018,1343.869995,1347.829956,1549600,1347.829956,2019-12-13
"2019-12-16",1356.5,1364.680054,1352.670044,1361.170044,1397300,1361.170044,2019-12-16
"2019-12-17",1362.890015,1365,1351.322998,1355.119995,1854000,1355.119995,2019-12-17
"2019-12-18",1356.599976,1360.469971,1351,1352.619995,1522600,1352.619995,2019-12-18
"2019-12-19",1351.819946,1358.099976,1348.984985,1356.040039,1469900,1356.040039,2019-12-19
"2019-12-20",1363.349976,1363.640015,1349,1349.589966,3315000,1349.589966,2019-12-20
"2019-12-23",1355.869995,1359.800049,1346.51001,1348.839966,883100,1348.839966,2019-12-23
"2019-12-24",1348.5,1350.26001,1342.780029,1343.560059,347500,1343.560059,2019-12-24
"2019-12-26",1346.170044,1361.327026,1344.469971,1360.400024,667500,1360.400024,2019-12-26
"2019-12-27",1362.98999,1364.530029,1349.310059,1351.890015,1038400,1351.890015,2019-12-27
"2019-12-30",1350,1353,1334.02002,1336.140015,1050900,1336.140015,2019-12-30
"2019-12-31",1330.109985,1338,1329.084961,1337.02002,961800,1337.02002,2019-12-31
"2020-01-02",1341.550049,1368.140015,1341.550049,1367.369995,1406600,1367.369995,2020-01-02
"2020-01-03",1347.859985,1372.5,1345.543945,1360.660034,1186400,1360.660034,2020-01-03
"2020-01-06",1350,1396.5,1350,1394.209961,1732300,1394.209961,2020-01-06
"2020-01-07",1397.939941,1402.98999,1390.380005,1393.339966,1502700,1393.339966,2020-01-07
"2020-01-08",1392.079956,1411.579956,1390.839966,1404.319946,1528000,1404.319946,2020-01-08
"2020-01-09",1420.569946,1427.329956,1410.27002,1419.829956,1500900,1419.829956,2020-01-09
"2020-01-10",1427.560059,1434.928955,1418.349976,1429.72998,1820700,1429.72998,2020-01-10
"2020-01-13",1436.130005,1440.52002,1426.02002,1439.22998,1652300,1439.22998,2020-01-13
"2020-01-14",1439.01001,1441.800049,1428.369995,1430.880005,1558900,1430.880005,2020-01-14
"2020-01-15",1430.209961,1441.39502,1430.209961,1439.199951,1282700,1439.199951,2020-01-15
"2020-01-16",1447.439941,1451.98999,1440.920044,1451.699951,1173700,1451.699951,2020-01-16
"2020-01-17",1462.910034,1481.295044,1458.219971,1480.390015,2396200,1480.390015,2020-01-17
"2020-01-21",1479.119995,1491.849976,1471.199951,1484.400024,2036700,1484.400024,2020-01-21
"2020-01-22",1491,1503.213989,1484.930054,1485.949951,1610800,1485.949951,2020-01-22
"2020-01-23",1487.640015,1495.52002,1482.099976,1486.650024,1351200,1486.650024,2020-01-23
"2020-01-24",1493.589966,1495.494995,1465.25,1466.709961,1784600,1466.709961,2020-01-24
"2020-01-27",1431,1438.069946,1421.199951,1433.900024,1755200,1433.900024,2020-01-27
"2020-01-28",1443,1456,1432.469971,1452.560059,1577400,1452.560059,2020-01-28
"2020-01-29",1458.800049,1465.430054,1446.73999,1458.630005,1077700,1458.630005,2020-01-29
"2020-01-30",1439.959961,1457.280029,1436.400024,1455.839966,1339400,1455.839966,2020-01-30
"2020-01-31",1468.900024,1470.130005,1428.530029,1434.22998,2417200,1434.22998,2020-01-31
"2020-02-03",1462,1490,1458.98999,1485.939941,3036800,1485.939941,2020-02-03
"2020-02-04",1457.069946,1469.5,1426.300049,1447.069946,3933000,1447.069946,2020-02-04
"2020-02-05",1462.420044,1463.839966,1430.560059,1448.22998,1986200,1448.22998,2020-02-05
"2020-02-06",1450.329956,1482,1449.569946,1476.22998,1679400,1476.22998,2020-02-06
"2020-02-07",1467.300049,1485.839966,1466.349976,1479.22998,1172300,1479.22998,2020-02-07
"2020-02-10",1474.319946,1509.5,1474.319946,1508.680054,1419900,1508.680054,2020-02-10
"2020-02-11",1511.810059,1529.630005,1505.637939,1508.790039,1344600,1508.790039,2020-02-11
"2020-02-12",1514.47998,1520.694946,1508.109985,1518.27002,1167600,1518.27002,2020-02-12
"2020-02-13",1512.689941,1527.180054,1504.599976,1514.660034,929500,1514.660034,2020-02-13
"2020-02-14",1515.599976,1520.73999,1507.339966,1520.73999,1197800,1520.73999,2020-02-14
"2020-02-18",1515,1531.630005,1512.589966,1519.670044,1120700,1519.670044,2020-02-18
"2020-02-19",1525.069946,1532.105957,1521.400024,1526.689941,949300,1526.689941,2020-02-19
"2020-02-20",1522,1529.640015,1506.819946,1518.150024,1096600,1518.150024,2020-02-20
"2020-02-21",1508.030029,1512.214966,1480.439941,1485.109985,1731700,1485.109985,2020-02-21
"2020-02-24",1426.109985,1436.969971,1411.390015,1421.589966,2867100,1421.589966,2020-02-24
"2020-02-25",1433,1438.140015,1382.400024,1388.449951,2478300,1388.449951,2020-02-25
"2020-02-26",1396.140015,1415.699951,1379,1393.180054,2202400,1393.180054,2020-02-26
"2020-02-27",1362.060059,1371.703979,1317.170044,1318.089966,2978300,1318.089966,2020-02-27
"2020-02-28",1277.5,1341.140015,1271,1339.329956,3789100,1339.329956,2020-02-28
"2020-03-02",1351.609985,1390.869995,1326.814941,1389.109985,2431500,1389.109985,2020-03-02
"2020-03-03",1399.420044,1410.150024,1332,1341.390015,2402300,1341.390015,2020-03-03
"2020-03-04",1359.22998,1388.089966,1343.109985,1386.52002,1913300,1386.52002,2020-03-04
"2020-03-05",1350.199951,1358.910034,1305.099976,1319.040039,2561300,1319.040039,2020-03-05
"2020-03-06",1277.060059,1306.219971,1261.050049,1298.410034,2660600,1298.410034,2020-03-06
"2020-03-09",1205.300049,1254.76001,1200,1215.560059,3365400,1215.560059,2020-03-09
"2020-03-10",1260,1281.150024,1218.77002,1280.390015,2611400,1280.390015,2020-03-10
"2020-03-11",1249.699951,1260.959961,1196.069946,1215.410034,2608500,1215.410034,2020-03-11
"2020-03-12",1126,1193.869995,1113.300049,1114.910034,4226700,1114.910034,2020-03-12
"2020-03-13",1179,1219.76001,1117.142944,1219.72998,3700100,1219.72998,2020-03-13
"2020-03-16",1096,1152.266968,1074.439941,1084.329956,4252400,1084.329956,2020-03-16
"2020-03-17",1093.109985,1130.859985,1056.01001,1119.800049,3861500,1119.800049,2020-03-17
"2020-03-18",1056.51001,1106.5,1037.280029,1096.800049,4233400,1096.800049,2020-03-18
"2020-03-19",1093.050049,1157.969971,1060.108032,1115.290039,3651100,1115.290039,2020-03-19
"2020-03-20",1135.719971,1143.98999,1065.48999,1072.319946,3601800,1072.319946,2020-03-20
"2020-03-23",1061.319946,1071.319946,1013.536011,1056.619995,4044100,1056.619995,2020-03-23
"2020-03-24",1103.77002,1135,1090.619995,1134.459961,3344500,1134.459961,2020-03-24
"2020-03-25",1126.469971,1148.900024,1086.01001,1102.48999,4081500,1102.48999,2020-03-25
"2020-03-26",1111.800049,1169.969971,1093.530029,1161.75,3571700,1161.75,2020-03-26
"2020-03-27",1125.670044,1150.670044,1105.910034,1110.709961,3208500,1110.709961,2020-03-27
"2020-03-30",1125.040039,1151.630005,1096.47998,1146.819946,2574100,1146.819946,2020-03-30
"2020-03-31",1147.300049,1175.310059,1138.140015,1162.810059,2486400,1162.810059,2020-03-31
"2020-04-01",1122,1129.689941,1097.449951,1105.619995,2344200,1105.619995,2020-04-01
"2020-04-02",1098.26001,1126.859985,1096.400024,1120.839966,1964900,1120.839966,2020-04-02
"2020-04-03",1119.015015,1123.540039,1079.810059,1097.880005,2313400,1097.880005,2020-04-03
"2020-04-06",1138,1194.660034,1130.939941,1186.920044,2664700,1186.920044,2020-04-06
"2020-04-07",1221,1225,1182.22998,1186.51001,2387300,1186.51001,2020-04-07
"2020-04-08",1206.5,1219.069946,1188.160034,1210.280029,1975100,1210.280029,2020-04-08
"2020-04-09",1224.079956,1225.569946,1196.734985,1211.449951,2175400,1211.449951,2020-04-09
"2020-04-13",1209.180054,1220.51001,1187.598022,1217.560059,1739800,1217.560059,2020-04-13
"2020-04-14",1245.089966,1282.069946,1236.930054,1269.22998,2470400,1269.22998,2020-04-14
"2020-04-15",1245.609985,1280.459961,1240.400024,1262.469971,1671700,1262.469971,2020-04-15
"2020-04-16",1274.099976,1279,1242.619995,1263.469971,2518100,1263.469971,2020-04-16
"2020-04-17",1284.849976,1294.430054,1271.22998,1283.25,1949000,1283.25,2020-04-17
"2020-04-20",1271,1281.599976,1261.369995,1266.609985,1695500,1266.609985,2020-04-20
"2020-04-21",1247,1254.27002,1209.709961,1216.339966,2153000,1216.339966,2020-04-21
"2020-04-22",1245.540039,1285.613037,1242,1263.209961,2092400,1263.209961,2020-04-22
"2020-04-23",1271.550049,1293.310059,1265.670044,1276.310059,1566200,1276.310059,2020-04-23
"2020-04-24",1261.170044,1280.400024,1249.449951,1279.310059,1639600,1279.310059,2020-04-24
"2020-04-27",1296,1296.150024,1269,1275.880005,1600600,1275.880005,2020-04-27
"2020-04-28",1287.930054,1288.050049,1232.199951,1233.670044,2951300,1233.670044,2020-04-28
"2020-04-29",1341.459961,1359.98999,1325.339966,1341.47998,3793600,1341.47998,2020-04-29
"2020-04-30",1324.880005,1352.819946,1322.48999,1348.660034,2668900,1348.660034,2020-04-30
"2020-05-01",1328.5,1352.069946,1311,1320.609985,2072500,1320.609985,2020-05-01
"2020-05-04",1308.22998,1327.660034,1299,1326.800049,1504000,1326.800049,2020-05-04
"2020-05-05",1337.920044,1373.939941,1337.459961,1351.109985,1651500,1351.109985,2020-05-05
"2020-05-06",1361.689941,1371.119995,1347.290039,1347.300049,1215400,1347.300049,2020-05-06
"2020-05-07",1365.939941,1377.599976,1355.27002,1372.560059,1397600,1372.560059,2020-05-07
"2020-05-08",1383.130005,1398.76001,1375.47998,1388.369995,1386900,1388.369995,2020-05-08
"2020-05-11",1378.280029,1416.530029,1377.151978,1403.26001,1412100,1403.26001,2020-05-11
"2020-05-12",1407.119995,1415,1374.77002,1375.73999,1390600,1375.73999,2020-05-12
"2020-05-13",1377.050049,1385.482056,1328.400024,1349.329956,1812600,1349.329956,2020-05-13
"2020-05-14",1335.02002,1357.420044,1323.910034,1356.130005,1603100,1356.130005,2020-05-14
"2020-05-15",1350,1374.47998,1339,1373.189941,1707700,1373.189941,2020-05-15
"2020-05-18",1361.75,1392.324951,1354.25,1383.939941,1822400,1383.939941,2020-05-18
"2020-05-19",1386.996948,1392,1373.484985,1373.484985,1280600,1373.484985,2020-05-19
"2020-05-20",1389.579956,1410.420044,1387.25,1406.719971,1655400,1406.719971,2020-05-20
"2020-05-21",1408,1415.48999,1393.449951,1402.800049,1385000,1402.800049,2020-05-21
"2020-05-22",1396.709961,1412.76001,1391.829956,1410.420044,1309400,1410.420044,2020-05-22
"2020-05-26",1437.27002,1441,1412.130005,1417.02002,2060600,1417.02002,2020-05-26
"2020-05-27",1417.25,1421.73999,1391.290039,1417.839966,1685800,1417.839966,2020-05-27
"2020-05-28",1396.859985,1440.839966,1396,1416.72998,1692200,1416.72998,2020-05-28
"2020-05-29",1416.939941,1432.569946,1413.349976,1428.920044,1820900,1428.920044,2020-05-29
"2020-06-01",1418.390015,1437.959961,1418,1431.819946,1217100,1431.819946,2020-06-01
"2020-06-02",1430.550049,1439.609985,1418.829956,1439.219971,1278100,1439.219971,2020-06-02
"2020-06-03",1438.300049,1446.552002,1429.776978,1436.380005,1256200,1436.380005,2020-06-03
"2020-06-04",1430.400024,1438.959961,1404.72998,1412.180054,1484300,1412.180054,2020-06-04
"2020-06-05",1413.170044,1445.050049,1406,1438.390015,1734900,1438.390015,2020-06-05
"2020-06-08",1422.339966,1447.98999,1422.339966,1446.609985,1404200,1446.609985,2020-06-08
"2020-06-09",1445.359985,1468,1443.209961,1456.160034,1409200,1456.160034,2020-06-09
"2020-06-10",1459.540039,1474.259033,1456.27002,1465.849976,1525200,1465.849976,2020-06-10
"2020-06-11",1442.47998,1454.474976,1402,1403.839966,1991300,1403.839966,2020-06-11
"2020-06-12",1428.48999,1437,1386.02002,1413.180054,1946400,1413.180054,2020-06-12
"2020-06-15",1390.800049,1424.800049,1387.920044,1419.849976,1503900,1419.849976,2020-06-15
"2020-06-16",1445.219971,1455.02002,1425.900024,1442.719971,1709200,1442.719971,2020-06-16
"2020-06-17",1447.160034,1460,1431.380005,1451.119995,1549600,1451.119995,2020-06-17
"2020-06-18",1449.160034,1451.410034,1427.01001,1435.959961,1581900,1435.959961,2020-06-18
"2020-06-19",1444,1447.800049,1421.349976,1431.719971,3157900,1431.719971,2020-06-19
"2020-06-22",1429,1452.75,1423.209961,1451.859985,1542400,1451.859985,2020-06-22
"2020-06-23",1455.640015,1475.94104,1445.23999,1464.410034,1429800,1464.410034,2020-06-23
"2020-06-24",1461.51001,1475.420044,1429.75,1431.969971,1756000,1431.969971,2020-06-24
"2020-06-25",1429.900024,1442.900024,1420,1441.329956,1230500,1441.329956,2020-06-25
"2020-06-26",1431.390015,1433.449951,1351.98999,1359.900024,4267700,1359.900024,2020-06-26
"2020-06-29",1358.180054,1395.599976,1347.01001,1394.969971,1810200,1394.969971,2020-06-29
"2020-06-30",1390.439941,1418.650024,1383.959961,1413.609985,2042400,1413.609985,2020-06-30
"2020-07-01",1411.099976,1443,1409.819946,1438.040039,1775200,1438.040039,2020-07-01
"2020-07-02",1446.939941,1482.949951,1446.420044,1464.699951,1859100,1464.699951,2020-07-02
"2020-07-06",1480.060059,1506.589966,1472.859985,1495.699951,1564000,1495.699951,2020-07-06
"2020-07-07",1490,1516.800049,1483.550049,1485.180054,1458200,1485.180054,2020-07-07
"2020-07-08",1494.319946,1505.880005,1485.630005,1496,1249700,1496,2020-07-08
"2020-07-09",1506.449951,1522.719971,1488.084961,1510.98999,1423300,1510.98999,2020-07-09
"2020-07-10",1506.150024,1543.829956,1496.540039,1541.73999,1856300,1541.73999,2020-07-10
"2020-07-13",1550,1577.131958,1505.243042,1511.339966,1846400,1511.339966,2020-07-13
"2020-07-14",1490.310059,1522.949951,1483.5,1520.579956,1585000,1520.579956,2020-07-14
"2020-07-15",1523.130005,1535.329956,1498,1513.640015,1610700,1513.640015,2020-07-15
"2020-07-16",1500,1518.689941,1486.310059,1518,1519300,1518,2020-07-16
"2020-07-17",1521.619995,1523.439941,1498.420044,1515.550049,1456700,1515.550049,2020-07-17
"2020-07-20",1515.26001,1570.290039,1503.599976,1565.719971,1557300,1565.719971,2020-07-20
"2020-07-21",1586.98999,1586.98999,1554.280029,1558.420044,1216200,1558.420044,2020-07-21
"2020-07-22",1560.5,1570,1546.099976,1568.48999,932000,1568.48999,2020-07-22
"2020-07-23",1566.969971,1571.869995,1507.391968,1515.680054,1627600,1515.680054,2020-07-23
"2020-07-24",1498.930054,1517.635986,1488.400024,1511.869995,1544000,1511.869995,2020-07-24
"2020-07-27",1515.599976,1540.969971,1515.209961,1530.199951,1246000,1530.199951,2020-07-27
"2020-07-28",1525.180054,1526.47998,1497.660034,1500.339966,1702200,1500.339966,2020-07-28
"2020-07-29",1506.319946,1531.251953,1501.329956,1522.02002,1106500,1522.02002,2020-07-29
"2020-07-30",1497,1537.869995,1492.219971,1531.449951,1671400,1531.449951,2020-07-30
"2020-07-31",1505.01001,1508.949951,1454.030029,1482.959961,3439900,1482.959961,2020-07-31
"2020-08-03",1486.640015,1490.469971,1465.640015,1474.449951,2330200,1474.449951,2020-08-03
"2020-08-04",1476.569946,1485.560059,1458.650024,1464.969971,1903500,1464.969971,2020-08-04
"2020-08-05",1469.300049,1482.410034,1463.459961,1473.609985,1979500,1473.609985,2020-08-05
"2020-08-06",1471.75,1502.390015,1466,1500.099976,1995400,1500.099976,2020-08-06
"2020-08-07",1500,1516.844971,1481.640015,1494.48999,1577800,1494.48999,2020-08-07
"2020-08-10",1487.180054,1504.074951,1473.079956,1496.099976,1289300,1496.099976,2020-08-10
"2020-08-11",1492.439941,1510,1478,1480.319946,1454400,1480.319946,2020-08-11
"2020-08-12",1485.579956,1512.385986,1485.25,1506.619995,1437000,1506.619995,2020-08-12
"2020-08-13",1510.339966,1537.25,1508.005005,1518.449951,1455200,1518.449951,2020-08-13
"2020-08-14",1515.660034,1521.900024,1502.880005,1507.72998,1354800,1507.72998,2020-08-14
"2020-08-17",1514.670044,1525.609985,1507.969971,1517.97998,1378300,1517.97998,2020-08-17
"2020-08-18",1526.180054,1562.469971,1523.709961,1558.599976,2027100,1558.599976,2020-08-18
"2020-08-19",1553.310059,1573.680054,1543.949951,1547.530029,1660600,1547.530029,2020-08-19
"2020-08-20",1543.449951,1585.869995,1538.199951,1581.75,1706900,1581.75,2020-08-20
"2020-08-21",1577.030029,1597.719971,1568.005005,1580.420044,1446500,1580.420044,2020-08-21
"2020-08-24",1593.97998,1614.170044,1580.569946,1588.199951,1409900,1588.199951,2020-08-24
"2020-08-25",1582.069946,1611.619995,1582.069946,1608.219971,2247100,1608.219971,2020-08-25
"2020-08-26",1608,1659.219971,1603.599976,1652.380005,3993400,1652.380005,2020-08-26
"2020-08-27",1653.680054,1655,1625.75,1634.329956,1861600,1634.329956,2020-08-27
"2020-08-28",1633.48999,1647.170044,1630.75,1644.410034,1499000,1644.410034,2020-08-28
"2020-08-31",1647.890015,1647.964966,1630.310059,1634.180054,1823400,1634.180054,2020-08-31
"2020-09-01",1636.630005,1665.72998,1632.219971,1660.709961,1825300,1660.709961,2020-09-01
"2020-09-02",1673.775024,1733.180054,1666.329956,1728.280029,2511200,1728.280029,2020-09-02
"2020-09-03",1709.713989,1709.713989,1615.060059,1641.839966,3107800,1641.839966,2020-09-03
"2020-09-04",1624.26001,1645.109985,1547.613037,1591.040039,2608600,1591.040039,2020-09-04
"2020-09-08",1533.51001,1563.86499,1528.01001,1532.390015,2610900,1532.390015,2020-09-08
"2020-09-09",1557.530029,1569,1536.051025,1556.959961,1774700,1556.959961,2020-09-09
"2020-09-10",1560.640015,1584.081055,1525.805054,1532.02002,1618600,1532.02002,2020-09-10
"2020-09-11",1536,1575.199951,1497.359985,1520.719971,1597100,1520.719971,2020-09-11
"2020-09-14",1539.005005,1564,1515.73999,1519.280029,1696600,1519.280029,2020-09-14
"2020-09-15",1536,1559.569946,1531.834961,1541.439941,1331100,1541.439941,2020-09-15
"2020-09-16",1555.540039,1562,1519.819946,1520.900024,1311700,1520.900024,2020-09-16
"2020-09-17",1496,1508.297974,1470,1495.530029,1879800,1495.530029,2020-09-17
"2020-09-18",1498.01001,1503.003052,1437.130005,1459.98999,3103900,1459.98999,2020-09-18
"2020-09-21",1440.060059,1448.359985,1406.550049,1431.160034,2888800,1431.160034,2020-09-21
"2020-09-22",1450.089966,1469.52002,1434.530029,1465.459961,1583200,1465.459961,2020-09-22
"2020-09-23",1458.780029,1460.959961,1407.699951,1415.209961,1657400,1415.209961,2020-09-23
"2020-09-24",1411.030029,1443.708984,1409.849976,1428.290039,1450200,1428.290039,2020-09-24
"2020-09-25",1432.630005,1450,1413.339966,1444.959961,1323000,1444.959961,2020-09-25
"2020-09-28",1474.209961,1476.800049,1449.301025,1464.52002,2007900,1464.52002,2020-09-28
"2020-09-29",1470.390015,1476.662964,1458.805054,1469.329956,978200,1469.329956,2020-09-29
"2020-09-30",1466.800049,1489.75,1459.880005,1469.599976,1701600,1469.599976,2020-09-30
"2020-10-01",1484.27002,1499.040039,1479.209961,1490.089966,1779500,1490.089966,2020-10-01
"2020-10-02",1462.030029,1483.199951,1450.920044,1458.420044,1284100,1458.420044,2020-10-02
"2020-10-05",1466.209961,1488.209961,1464.27002,1486.02002,1113300,1486.02002,2020-10-05
"2020-10-06",1475.579956,1486.76001,1448.589966,1453.439941,1245400,1453.439941,2020-10-06
"2020-10-07",1464.290039,1468.959961,1436,1460.290039,1746200,1460.290039,2020-10-07
"2020-10-08",1465.089966,1490,1465.089966,1485.930054,1187800,1485.930054,2020-10-08
"2020-10-09",1494.699951,1516.52002,1489.449951,1515.219971,1435300,1515.219971,2020-10-09
"2020-10-12",1543,1593.859985,1532.569946,1569.150024,2482600,1569.150024,2020-10-12
"2020-10-13",1583.72998,1590,1563.199951,1571.680054,1601000,1571.680054,2020-10-13
"2020-10-14",1578.589966,1587.68396,1550.530029,1568.079956,1929300,1568.079956,2020-10-14
"2020-10-15",1547.150024,1575.10498,1545.030029,1559.130005,1540000,1559.130005,2020-10-15
"2020-10-16",1565.849976,1581.130005,1563,1573.01001,1434700,1573.01001,2020-10-16
"2020-10-19",1580.459961,1588.150024,1528,1534.609985,1607100,1534.609985,2020-10-19
"2020-10-20",1527.050049,1577.5,1525.670044,1555.930054,2241700,1555.930054,2020-10-20
"2020-10-21",1573.329956,1618.72998,1571.630005,1593.310059,2568300,1593.310059,2020-10-21
"2020-10-22",1593.050049,1621.98999,1585,1615.329956,1433600,1615.329956,2020-10-22
"2020-10-23",1626.069946,1642.359985,1620.51001,1641,1375800,1641,2020-10-23
"2020-10-26",1625.01001,1638.23999,1576.5,1590.449951,1853300,1590.449951,2020-10-26
"2020-10-27",1595.670044,1606.844971,1582.780029,1604.26001,1229000,1604.26001,2020-10-27
"2020-10-28",1559.73999,1561.349976,1514.619995,1516.619995,1834000,1516.619995,2020-10-28
"2020-10-29",1522.359985,1593.709961,1522.23999,1567.23999,2003100,1567.23999,2020-10-29
"2020-10-30",1672.109985,1687,1604.459961,1621.01001,4329100,1621.01001,2020-10-30
"2020-11-02",1628.160034,1660.77002,1616.030029,1626.030029,2535400,1626.030029,2020-11-02
"2020-11-03",1631.780029,1661.699951,1616.619995,1650.209961,1661700,1650.209961,2020-11-03
"2020-11-04",1710.280029,1771.36499,1706.030029,1749.130005,3570900,1749.130005,2020-11-04
"2020-11-05",1781,1793.640015,1750.51001,1763.369995,2065800,1763.369995,2020-11-05
"2020-11-06",1753.949951,1772.430054,1740.349976,1761.75,1660900,1761.75,2020-11-06
"2020-11-09",1790.900024,1818.060059,1760.02002,1763,2268300,1763,2020-11-09
"2020-11-10",1731.089966,1763,1717.300049,1740.390015,2636100,1740.390015,2020-11-10
"2020-11-11",1750,1764.219971,1747.36499,1752.709961,1264000,1752.709961,2020-11-11
"2020-11-12",1747.630005,1768.27002,1745.599976,1749.839966,1247500,1749.839966,2020-11-12
"2020-11-13",1757.630005,1781.040039,1744.550049,1777.02002,1499900,1777.02002,2020-11-13
"2020-11-16",1771.699951,1799.069946,1767.689941,1781.380005,1246800,1781.380005,2020-11-16
"2020-11-17",1776.939941,1785,1767,1770.150024,1147100,1770.150024,2020-11-17
"2020-11-18",1765.22998,1773.469971,1746.140015,1746.780029,1173500,1746.780029,2020-11-18
"2020-11-19",1738.380005,1769.589966,1737.005005,1763.920044,1249900,1763.920044,2020-11-19
"2020-11-20",1765.209961,1774,1741.859985,1742.189941,2313500,1742.189941,2020-11-20
"2020-11-23",1749.599976,1753.900024,1717.719971,1734.859985,2161600,1734.859985,2020-11-23
"2020-11-24",1730.5,1771.599976,1727.689941,1768.880005,1578000,1768.880005,2020-11-24
"2020-11-25",1772.890015,1778.540039,1756.540039,1771.430054,1045800,1771.430054,2020-11-25
"2020-11-27",1773.089966,1804,1772.439941,1793.189941,884900,1793.189941,2020-11-27
"2020-11-30",1781.18396,1788.064941,1755,1760.73999,1823800,1760.73999,2020-11-30
"2020-12-01",1774.369995,1824.829956,1769.369995,1798.099976,1736900,1798.099976,2020-12-01
"2020-12-02",1798.099976,1835.650024,1789.473022,1827.949951,1222000,1827.949951,2020-12-02
"2020-12-03",1824.01001,1847.199951,1822.650024,1826.77002,1227300,1826.77002,2020-12-03
"2020-12-04",1824.52002,1833.160034,1816.98999,1827.98999,1378200,1827.98999,2020-12-04
"2020-12-07",1819,1832.369995,1805.780029,1819.47998,1320900,1819.47998,2020-12-07
"2020-12-08",1810.099976,1821.900024,1796.204956,1818.550049,1096300,1818.550049,2020-12-08
"2020-12-09",1812.01001,1834.27002,1767.810059,1784.130005,1507600,1784.130005,2020-12-09
"2020-12-10",1769.800049,1781.310059,1740.319946,1775.329956,1362800,1775.329956,2020-12-10
"2020-12-11",1763.060059,1784.449951,1760,1781.77002,1220700,1781.77002,2020-12-11
"2020-12-14",1775,1797.390015,1757.214966,1760.060059,1600200,1760.060059,2020-12-14
"2020-12-15",1764.420044,1771.420044,1749.949951,1767.77002,1482300,1767.77002,2020-12-15
"2020-12-16",1772.880005,1773,1756.079956,1763,1513500,1763,2020-12-16
"2020-12-17",1768.51001,1771.784058,1738.660034,1747.900024,1624700,1747.900024,2020-12-17
"2020-12-18",1754.180054,1755.109985,1720.219971,1731.01001,4016400,1731.01001,2020-12-18
"2020-12-21",1713.51001,1740.849976,1699,1739.369995,1828400,1739.369995,2020-12-21
"2020-12-22",1734.430054,1737.405029,1712.574951,1723.5,936700,1723.5,2020-12-22
"2020-12-23",1728.109985,1747.98999,1725.040039,1732.380005,1033800,1732.380005,2020-12-23
"2020-12-24",1735,1746,1729.109985,1738.849976,346800,1738.849976,2020-12-24
"2020-12-28",1751.63501,1790.728027,1746.334961,1776.089966,1393000,1776.089966,2020-12-28
"2020-12-29",1787.790039,1792.439941,1756.089966,1758.719971,1299400,1758.719971,2020-12-29
"2020-12-30",1762.01001,1765.094971,1725.599976,1739.52002,1306100,1739.52002,2020-12-30
"2020-12-31",1735.420044,1758.930054,1735.420044,1751.880005,1011900,1751.880005,2020-12-31
"2021-01-04",1757.540039,1760.650024,1707.849976,1728.23999,1901900,1728.23999,2021-01-04
"2021-01-05",1725,1747.670044,1718.015015,1740.920044,1145300,1740.920044,2021-01-05
"2021-01-06",1702.630005,1748,1699,1735.290039,2602100,1735.290039,2021-01-06
"2021-01-07",1740.060059,1788.400024,1737.050049,1787.25,2265000,1787.25,2021-01-07
"2021-01-08",1787.97998,1809.839966,1773.535034,1807.209961,2050600,1807.209961,2021-01-08
"2021-01-11",1786.069946,1794.314941,1760.52002,1766.719971,1209700,1766.719971,2021-01-11
"2021-01-12",1753.920044,1778.040039,1725.310059,1746.550049,1357000,1746.550049,2021-01-12
"2021-01-13",1738.579956,1765.035034,1738.01001,1754.400024,1094100,1754.400024,2021-01-13
"2021-01-14",1753.619995,1775.01001,1733.400024,1740.180054,1179500,1740.180054,2021-01-14
"2021-01-15",1738.189941,1756,1721.550049,1736.189941,1342200,1736.189941,2021-01-15
"2021-01-19",1752.25,1809.275024,1741.459961,1790.859985,1734600,1790.859985,2021-01-19
"2021-01-20",1831.459961,1903.709961,1825.530029,1886.900024,2490300,1886.900024,2021-01-20
"2021-01-21",1898,1934.859985,1887.109985,1891.25,2063900,1891.25,2021-01-21
"2021-01-22",1895.680054,1910.949951,1881.76001,1901.050049,1272100,1901.050049,2021-01-22
"2021-01-25",1920.670044,1929.579956,1867.530029,1899.400024,1927300,1899.400024,2021-01-25
"2021-01-26",1888.839966,1925,1884.244995,1917.23999,1313100,1917.23999,2021-01-26
"2021-01-27",1882.530029,1890,1809,1830.790039,2748300,1830.790039,2021-01-27
"2021-01-28",1843.939941,1898.829956,1842.640015,1863.109985,1773100,1863.109985,2021-01-28
"2021-01-29",1846.170044,1857.280029,1810.199951,1835.73999,1612600,1835.73999,2021-01-29
"2021-02-01",1853.569946,1922.391968,1850.930054,1901.349976,1602200,1901.349976,2021-02-01
"2021-02-02",1922.560059,1955.76001,1914.48999,1927.51001,2273700,1927.51001,2021-02-02
"2021-02-03",2073,2116.5,2018.380005,2070.070068,4118200,2070.070068,2021-02-03
"2021-02-04",2068.889893,2078.550049,2042.589966,2062.370117,1852300,2062.370117,2021-02-04
"2021-02-05",2070,2102.51001,2059.330078,2098,1535100,2098,2021-02-05
"2021-02-08",2105.909912,2123.547119,2072,2092.909912,1241900,2092.909912,2021-02-08
"2021-02-09",2078.540039,2105.129883,2078.540039,2083.51001,889900,2083.51001,2021-02-09
"2021-02-10",2094.209961,2108.370117,2063.090088,2095.379883,1135500,2095.379883,2021-02-10
"2021-02-11",2099.51001,2102.030029,2077.320068,2095.889893,945700,2095.889893,2021-02-11
"2021-02-12",2090.25,2108.820068,2083.129883,2104.110107,855700,2104.110107,2021-02-12
"2021-02-16",2104.360107,2152.679932,2104.360107,2121.899902,1133800,2121.899902,2021-02-16
"2021-02-17",2100,2133.659912,2098.919922,2128.310059,1070900,2128.310059,2021-02-17
"2021-02-18",2110.389893,2132.735107,2103.709961,2117.199951,1121600,2117.199951,2021-02-18
"2021-02-19",2119.27002,2130.530029,2097.409912,2101.139893,1457400,2101.139893,2021-02-19
"2021-02-22",2067,2091.419922,2062.139893,2064.879883,1367500,2064.879883,2021-02-22
"2021-02-23",2025.01001,2082.01001,2002.02002,2070.860107,1667400,2070.860107,2021-02-23
"2021-02-24",2041.829956,2100.780029,2038.130005,2095.169922,1248300,2095.169922,2021-02-24
"2021-02-25",2067.449951,2094.879883,2021.290039,2031.359985,1828400,2031.359985,2021-02-25
"2021-02-26",2050.52002,2071.01001,2016.060059,2036.859985,2083500,2036.859985,2021-02-26
"2021-03-01",2056.52002,2086.52002,2046.099976,2081.51001,1404500,2081.51001,2021-03-01
"2021-03-02",2076.189941,2104.370117,2071.26001,2075.840088,1134600,2075.840088,2021-03-02
"2021-03-03",2067.209961,2088.518066,2010,2026.709961,1484200,2026.709961,2021-03-03
"2021-03-04",2023.369995,2089.23999,2020.27002,2049.090088,2118000,2049.090088,2021-03-04
"2021-03-05",2073.120117,2118.110107,2046.415039,2108.540039,2195200,2108.540039,2021-03-05
"2021-03-08",2101.129883,2128.810059,2021.609985,2024.170044,1647400,2024.170044,2021-03-08
"2021-03-09",2070,2078.040039,2047.829956,2052.699951,1697300,2052.699951,2021-03-09
"2021-03-10",2071.76001,2075,2033.369995,2055.030029,1268600,2055.030029,2021-03-10
"2021-03-11",2074.060059,2125.699951,2072.379883,2114.77002,1239100,2114.77002,2021-03-11
"2021-03-12",2085,2090.26001,2047.550049,2061.919922,1725800,2061.919922,2021-03-12
"2021-03-15",2062.300049,2067.060059,2043.51001,2066.48999,1298100,2066.48999,2021-03-15
"2021-03-16",2078.98999,2123.560059,2070,2092.52002,1491600,2092.52002,2021-03-16
"2021-03-17",2076.030029,2109.780029,2054,2091.080078,1299000,2091.080078,2021-03-17
"2021-03-18",2061,2075.5,2033.550049,2036.219971,1361400,2036.219971,2021-03-18
"2021-03-19",2042.050049,2053.100098,2017.680054,2043.199951,2314900,2043.199951,2021-03-19
"2021-03-22",2041.839966,2057.98999,2026.069946,2038.589966,1954800,2038.589966,2021-03-22
"2021-03-23",2051.699951,2072.302002,2039.219971,2052.959961,1367000,2052.959961,2021-03-23
"2021-03-24",2065.370117,2078.209961,2041.555054,2045.060059,1154000,2045.060059,2021-03-24
"2021-03-25",2044.810059,2058.870117,2010.72998,2044.359985,1418900,2044.359985,2021-03-25
"2021-03-26",2038.859985,2050.98999,2014.02002,2035.550049,1493500,2035.550049,2021-03-26
"2021-03-29",2027.880005,2058.429932,2015.619995,2055.949951,1229800,2055.949951,2021-03-29
"2021-03-30",2057.629883,2070.780029,2044.030029,2055.540039,1036600,2055.540039,2021-03-30
"2021-03-31",2059.120117,2093.326904,2056.745117,2068.629883,1459900,2068.629883,2021-03-31
"2021-04-01",2097.949951,2142.939941,2096.889893,2137.75,1699000,2137.75,2021-04-01
"2021-04-05",2152.939941,2237.310059,2151.620117,2225.550049,2164900,2225.550049,2021-04-05
"2021-04-06",2222.5,2237.659912,2214.800049,2224.75,1353000,2224.75,2021-04-06
"2021-04-07",2226.129883,2255,2225.330078,2249.679932,1289900,2249.679932,2021-04-07
"2021-04-08",2277.959961,2284.004883,2257.679932,2265.439941,1358300,2265.439941,2021-04-08
"2021-04-09",2256.699951,2289.040039,2253.714111,2285.879883,1044400,2285.879883,2021-04-09
"2021-04-12",2266.25,2275.320068,2238.465088,2254.790039,1565900,2254.790039,2021-04-12
"2021-04-13",2261.469971,2277.209961,2256.090088,2267.27002,1165500,2267.27002,2021-04-13
"2021-04-14",2275.159912,2277.98999,2249.189941,2254.840088,1011000,2254.840088,2021-04-14
"2021-04-15",2276.97998,2306.596924,2266,2296.659912,1373600,2296.659912,2021-04-15
"2021-04-16",2303,2306.439941,2284.449951,2297.76001,1129800,2297.76001,2021-04-16
"2021-04-19",2291.97998,2318.449951,2287.844971,2302.399902,1234400,2302.399902,2021-04-19
"2021-04-20",2307.889893,2309.600098,2271.709961,2293.629883,1088700,2293.629883,2021-04-20
"2021-04-21",2285.25,2295.320068,2258.570068,2293.290039,1196500,2293.290039,2021-04-21
"2021-04-22",2293.22998,2303.761963,2256.449951,2267.919922,1054800,2267.919922,2021-04-22
"2021-04-23",2283.469971,2325.820068,2278.209961,2315.300049,1433500,2315.300049,2021-04-23
"2021-04-26",2319.929932,2341.26001,2313.840088,2326.73999,1041700,2326.73999,2021-04-26
"2021-04-27",2336,2337.449951,2304.27002,2307.120117,1598600,2307.120117,2021-04-27
"2021-04-28",2407.14502,2452.37793,2374.850098,2379.909912,2986400,2379.909912,2021-04-28
"2021-04-29",2410.330078,2436.52002,2402.280029,2429.889893,1977700,2429.889893,2021-04-29
"2021-04-30",2404.48999,2427.139893,2402.159912,2410.120117,1957100,2410.120117,2021-04-30
"2021-05-03",2402.719971,2419.699951,2384.5,2395.169922,1689400,2395.169922,2021-05-03
"2021-05-04",2369.73999,2379.26001,2311.699951,2354.25,1756000,2354.25,2021-05-04
"2021-05-05",2368.419922,2382.199951,2351.409912,2356.73999,1090300,2356.73999,2021-05-05
"2021-05-06",2350.639893,2382.709961,2342.337891,2381.350098,1030900,2381.350098,2021-05-06
"2021-05-07",2400,2416.409912,2390,2398.689941,1163600,2398.689941,2021-05-07
"2021-05-10",2374.889893,2378,2334.72998,2341.659912,1300300,2341.659912,2021-05-10
"2021-05-11",2291.860107,2322,2283,2308.76001,1605500,2308.76001,2021-05-11
"2021-05-12",2261.709961,2285.370117,2230.050049,2239.080078,1746700,2239.080078,2021-05-12
"2021-05-13",2261.090088,2276.601074,2242.719971,2261.969971,1333500,2261.969971,2021-05-13
"2021-05-14",2291.830078,2321.139893,2283.320068,2316.159912,1331200,2316.159912,2021-05-14
"2021-05-17",2309.320068,2323.340088,2295,2321.409912,992100,2321.409912,2021-05-17
"2021-05-18",2336.906006,2343.149902,2303.159912,2303.429932,865100,2303.429932,2021-05-18
"2021-05-19",2264.399902,2316.76001,2263.52002,2308.709961,967500,2308.709961,2021-05-19
"2021-05-20",2328.040039,2360.340088,2321.090088,2356.090088,1191600,2356.090088,2021-05-20
"2021-05-21",2365.98999,2369,2342.370117,2345.100098,1141600,2345.100098,2021-05-21
"2021-05-24",2367,2418.47998,2360.110107,2406.669922,1062200,2406.669922,2021-05-24
"2021-05-25",2420,2432.889893,2402.98999,2409.070068,941900,2409.070068,2021-05-25
"2021-05-26",2412.834961,2442.944092,2412.514893,2433.530029,1092800,2433.530029,2021-05-26
"2021-05-27",2436.939941,2440,2402,2402.51001,1948100,2402.51001,2021-05-27
"2021-05-28",2421.959961,2428.139893,2407.689941,2411.560059,1205400,2411.560059,2021-05-28
"2021-06-01",2422,2437.970947,2404.879883,2429.810059,958300,2429.810059,2021-06-01
"2021-06-02",2435.310059,2442,2404.199951,2421.280029,857900,2421.280029,2021-06-02
"2021-06-03",2395.02002,2409.745117,2382.830078,2404.610107,917300,2404.610107,2021-06-03
"2021-06-04",2422.52002,2453.858887,2417.77002,2451.76001,1295800,2451.76001,2021-06-04
"2021-06-07",2451.320068,2468,2441.072998,2466.090088,1192500,2466.090088,2021-06-07
"2021-06-08",2479.899902,2494.495117,2468.23999,2482.850098,1253000,2482.850098,2021-06-08
"2021-06-09",2499.5,2505,2487.330078,2491.399902,1006300,2491.399902,2021-06-09
"2021-06-10",2494.01001,2523.26001,2494,2521.600098,1561700,2521.600098,2021-06-10
