"","IBM.Open","IBM.High","IBM.Low","IBM.Close","IBM.Volume","IBM.Adjusted","date"
"2019-01-02",112.010002,115.980003,111.690002,115.209999,4239900,101.942413,2019-01-02
"2019-01-03",114.529999,114.879997,112.690002,112.910004,4346700,99.90728,2019-01-03
"2019-01-04",114.910004,117.489998,114.440002,117.32,4477800,103.80941,2019-01-04
"2019-01-07",117.5,118.830002,116.669998,118.150002,3751200,104.543831,2019-01-07
"2019-01-08",119.660004,120.57,118.980003,119.830002,4763600,106.030357,2019-01-08
"2019-01-09",120.910004,121.400002,119.870003,120.690002,3633700,106.791328,2019-01-09
"2019-01-10",120.080002,121.860001,119.949997,121.790001,3910000,107.764648,2019-01-10
"2019-01-11",121.580002,121.620003,120.199997,121.459999,3722400,107.472664,2019-01-11
"2019-01-14",120.510002,120.650002,119.760002,120.389999,5228700,106.525879,2019-01-14
"2019-01-15",120.959999,121.93,120.82,121.730003,3507500,107.711563,2019-01-15
"2019-01-16",121.580002,122,120.830002,121.620003,3841100,107.614227,2019-01-16
"2019-01-17",120.559998,122.410004,120.550003,122.190002,5029900,108.118599,2019-01-17
"2019-01-18",123.269997,124.720001,122.709999,123.82,6008500,109.560867,2019-01-18
"2019-01-22",123.300003,123.800003,121.540001,122.519997,10052400,108.410576,2019-01-22
"2019-01-23",131.369995,135,130.309998,132.889999,22063700,117.586357,2019-01-23
"2019-01-24",132.630005,133.210007,131.429993,132.529999,6322900,117.26783,2019-01-24
"2019-01-25",132.869995,134.440002,132.429993,133.970001,5707400,118.542007,2019-01-25
"2019-01-28",133.100006,134.809998,132.580002,134.270004,5357700,118.807472,2019-01-28
"2019-01-29",134.289993,135.410004,133.600006,134.330002,5037100,118.860527,2019-01-29
"2019-01-30",134,135.029999,133.25,134.380005,4500900,118.904778,2019-01-30
"2019-01-31",134.449997,134.720001,133.740005,134.419998,4884000,118.94017,2019-01-31
"2019-02-01",134.970001,135.199997,133.350006,134.100006,3806000,118.657043,2019-02-01
"2019-02-04",134.020004,135.199997,132.990005,135.190002,3966600,119.62149,2019-02-04
"2019-02-05",135.279999,135.820007,134.919998,135.550003,5398900,119.940048,2019-02-05
"2019-02-06",135.220001,136.649994,135.169998,136.320007,4879700,120.621368,2019-02-06
"2019-02-07",133.550003,134.470001,132.119995,133.190002,4379400,119.224937,2019-02-07
"2019-02-08",132.339996,133.710007,132.190002,133.710007,3249800,119.690407,2019-02-08
"2019-02-11",134.289993,135.149994,133.910004,133.990005,3095100,119.941071,2019-02-11
"2019-02-12",135.149994,136.199997,134.860001,136.050003,3317200,121.785065,2019-02-12
"2019-02-13",136.919998,137.919998,136.410004,137.520004,4253000,123.100952,2019-02-13
"2019-02-14",137.169998,137.600006,136.210007,136.479996,2789400,122.169991,2019-02-14
"2019-02-15",137.580002,138.190002,137.389999,138.029999,3844100,123.557472,2019-02-15
"2019-02-19",137.809998,138.699997,137.360001,138.699997,3385700,124.157211,2019-02-19
"2019-02-20",138.759995,139.240005,137.220001,138,3802000,123.530609,2019-02-20
"2019-02-21",137.820007,138.350006,137.350006,137.839996,2937300,123.38739,2019-02-21
"2019-02-22",138.729996,139.380005,138.429993,139.25,3113700,124.649574,2019-02-22
"2019-02-25",140,140.470001,139.320007,139.460007,3194200,124.837509,2019-02-25
"2019-02-26",139.669998,140.490005,139.470001,139.720001,3060400,125.070267,2019-02-26
"2019-02-27",139.25,139.570007,138.399994,139.169998,2530900,124.577957,2019-02-27
"2019-02-28",138.770004,139.059998,137.720001,138.130005,3457800,123.646988,2019-02-28
"2019-03-01",139.309998,140.039993,138.639999,139.199997,3030000,124.604782,2019-03-01
"2019-03-04",139.990005,140.080002,137.169998,138.429993,3406900,123.915535,2019-03-04
"2019-03-05",138.369995,138.740005,137.559998,137.880005,4250300,123.423203,2019-03-05
"2019-03-06",138.119995,138.389999,136.720001,136.979996,2768300,122.617554,2019-03-06
"2019-03-07",136.610001,136.889999,134.630005,135.360001,4358800,121.167412,2019-03-07
"2019-03-08",134.210007,135.240005,133.580002,135.089996,3773600,120.925735,2019-03-08
"2019-03-11",136.029999,137.729996,135.839996,137.710007,3939300,123.271011,2019-03-11
"2019-03-12",138.520004,139.699997,137.860001,138.279999,3954700,123.78125,2019-03-12
"2019-03-13",138.050003,139.320007,137.850006,138.559998,3173200,124.031891,2019-03-13
"2019-03-14",138.509995,138.940002,138.059998,138.789993,2738600,124.23777,2019-03-14
"2019-03-15",139.369995,140.330002,139.229996,139.429993,7153700,124.810661,2019-03-15
"2019-03-18",139.830002,140.369995,138.720001,140.210007,3268500,125.508888,2019-03-18
"2019-03-19",140.960007,141.699997,140,140.490005,3482300,125.759537,2019-03-19
"2019-03-20",140.529999,140.699997,138.979996,139.600006,3649500,124.962837,2019-03-20
"2019-03-21",139.100006,142.119995,138.880005,141.440002,3605400,126.609917,2019-03-21
"2019-03-22",140.970001,141.440002,138.899994,139.449997,3877200,124.828583,2019-03-22
"2019-03-25",139.059998,139.910004,138.350006,139.179993,2839800,124.586876,2019-03-25
"2019-03-26",139.929993,141.020004,139.419998,140.220001,2553700,125.517845,2019-03-26
"2019-03-27",140.410004,140.490005,138.399994,139.240005,3098200,124.640594,2019-03-27
"2019-03-28",139.910004,140.440002,139.100006,139.919998,2663900,125.249283,2019-03-28
"2019-03-29",140.5,141.220001,140.149994,141.100006,3101400,126.30558,2019-03-29
"2019-04-01",141.509995,143.410004,141.509995,143.300003,3984300,128.274902,2019-04-01
"2019-04-02",143.350006,143.949997,142.600006,143,2404800,128.006363,2019-04-02
"2019-04-03",143.649994,144.220001,143.009995,143.630005,2681200,128.570328,2019-04-03
"2019-04-04",143.619995,144.139999,142.539993,142.779999,2771100,127.809418,2019-04-04
"2019-04-05",143.289993,143.5,142.460007,143.279999,2731800,128.257004,2019-04-05
"2019-04-08",143.020004,143.419998,142.869995,143.389999,2118200,128.355484,2019-04-08
"2019-04-09",142.660004,142.949997,141.839996,142.110001,3038500,127.209686,2019-04-09
"2019-04-10",142.199997,143.5,141.979996,143.020004,2678000,128.024261,2019-04-10
"2019-04-11",143.800003,144.110001,143.029999,143.779999,2942000,128.704575,2019-04-11
"2019-04-12",144.259995,144.440002,143.699997,144.350006,2898900,129.214798,2019-04-12
"2019-04-15",144.399994,144.460007,143.270004,143.899994,3603200,128.811981,2019-04-15
"2019-04-16",144.399994,145.389999,144.020004,145.139999,6301700,129.921967,2019-04-16
"2019-04-17",137.369995,141.979996,136.259995,139.110001,12525700,124.524231,2019-04-17
"2019-04-18",139,140.490005,138.699997,140.330002,4960000,125.616318,2019-04-18
"2019-04-22",139.419998,140.559998,138.479996,138.889999,4494000,124.327293,2019-04-22
"2019-04-23",139.149994,140.919998,138.940002,140.440002,4462200,125.714783,2019-04-23
"2019-04-24",140.600006,141.309998,139.779999,139.949997,2774900,125.276161,2019-04-24
"2019-04-25",139.699997,139.75,137.710007,138.630005,2910100,124.094574,2019-04-25
"2019-04-26",139.339996,139.889999,138.809998,139.440002,2319800,124.819626,2019-04-26
"2019-04-29",139.149994,139.630005,138.809998,139.050003,2958300,124.470505,2019-04-29
"2019-04-30",139.110001,140.440002,138.679993,140.270004,4638800,125.562607,2019-04-30
"2019-05-01",140.550003,141.809998,140.169998,140.559998,3053700,125.822174,2019-05-01
"2019-05-02",140.5,141.279999,139.410004,139.589996,3541400,124.953896,2019-05-02
"2019-05-03",139.699997,141,139.630005,140.25,2579900,125.544678,2019-05-03
"2019-05-06",138.300003,140.690002,137.899994,140.380005,2793300,125.661072,2019-05-06
"2019-05-07",139.149994,139.509995,136.190002,137.639999,4726800,123.208359,2019-05-07
"2019-05-08",137.770004,138.699997,137.130005,138,3818900,123.530609,2019-05-08
"2019-05-09",134.889999,135.580002,133.029999,135.339996,4192700,122.588615,2019-05-09
"2019-05-10",134.880005,135.75,132.419998,135.320007,3977600,122.570496,2019-05-10
"2019-05-13",133.279999,133.570007,130.960007,131.419998,4958000,119.037918,2019-05-13
"2019-05-14",131.820007,134.320007,131.679993,133.309998,3280400,120.749847,2019-05-14
"2019-05-15",132.589996,134.589996,132.369995,134.399994,2551000,121.737167,2019-05-15
"2019-05-16",134.740005,136.110001,134.639999,135.880005,3017300,123.077736,2019-05-16
"2019-05-17",134.679993,135.410004,133.940002,134.320007,2619100,121.664703,2019-05-17
"2019-05-20",133.529999,135.429993,132.929993,135.119995,3264500,122.389305,2019-05-20
"2019-05-21",136.119995,137.059998,135.789993,136.449997,2503500,123.594009,2019-05-21
"2019-05-22",136,136.75,135.710007,136.350006,1849800,123.503456,2019-05-22
"2019-05-23",135.130005,135.130005,130.440002,132.389999,5343400,119.916534,2019-05-23
"2019-05-24",133.529999,134.25,131.589996,132.279999,2596100,119.816917,2019-05-24
"2019-05-28",132.130005,132.639999,130.270004,130.460007,4908800,118.168388,2019-05-28
"2019-05-29",130,130.279999,128.320007,129.690002,3679000,117.47094,2019-05-29
"2019-05-30",129.740005,129.970001,128.929993,129.570007,2741900,117.362244,2019-05-30
"2019-05-31",128.440002,128.440002,126.849998,126.989998,3539300,115.025322,2019-05-31
"2019-06-03",127.099998,128.559998,127.059998,128.270004,4266900,116.184715,2019-06-03
"2019-06-04",129.559998,132.740005,129.089996,132.690002,3913500,120.188278,2019-06-04
"2019-06-05",133.380005,133.610001,130.470001,131.490005,3161300,119.101357,2019-06-05
"2019-06-06",132.190002,132.649994,130.899994,132.220001,2298200,119.762573,2019-06-06
"2019-06-07",132.470001,134.720001,132.210007,133.309998,2553400,120.749847,2019-06-07
"2019-06-10",134.380005,135.350006,133.910004,134.740005,2911300,122.04512,2019-06-10
"2019-06-11",135.320007,136.460007,135.050003,135.949997,3407300,123.141136,2019-06-11
"2019-06-12",135.559998,135.940002,134.410004,134.869995,2254700,122.16288,2019-06-12
"2019-06-13",135.130005,136.270004,135.089996,135.759995,2955300,122.969002,2019-06-13
"2019-06-14",135.440002,135.880005,134.429993,135.149994,2193300,122.416481,2019-06-14
"2019-06-17",135.389999,136.029999,134.699997,134.949997,2194100,122.235336,2019-06-17
"2019-06-18",135.199997,137.190002,135.199997,136.380005,2914700,123.530609,2019-06-18
"2019-06-19",136.429993,138.360001,136.240005,137.080002,2382400,124.164658,2019-06-19
"2019-06-20",138.929993,139.539993,138.199997,138.850006,3071000,125.767883,2019-06-20
"2019-06-21",138.440002,139.539993,138.389999,139.199997,5288700,126.084938,2019-06-21
"2019-06-24",139.199997,140.149994,139.050003,139.350006,2186000,126.220795,2019-06-24
"2019-06-25",139.460007,139.550003,138.130005,138.360001,2801200,125.324066,2019-06-25
"2019-06-26",138.869995,139.679993,138.410004,138.520004,2284600,125.469002,2019-06-26
"2019-06-27",138.720001,139.300003,137.949997,138.520004,2149800,125.469002,2019-06-27
"2019-06-28",138.570007,139.139999,137.839996,137.899994,6153900,124.907394,2019-06-28
"2019-07-01",139.600006,141.490005,139.279999,139.880005,3377700,126.700851,2019-07-01
"2019-07-02",139.75,140.429993,139.470001,140.220001,2409700,127.008827,2019-07-02
"2019-07-03",140.720001,141.820007,140.429993,141.539993,1930400,128.204422,2019-07-03
"2019-07-05",140.869995,141.490005,139.910004,141.380005,2134700,128.059525,2019-07-05
"2019-07-08",141.050003,141.289993,140.270004,140.570007,2395300,127.325844,2019-07-08
"2019-07-09",140.610001,140.990005,139.130005,139.330002,3365200,126.202682,2019-07-09
"2019-07-10",140,141.910004,139.789993,140.470001,2513900,127.235268,2019-07-10
"2019-07-11",140.789993,141.580002,140.300003,141.240005,2132900,127.932724,2019-07-11
"2019-07-12",141.919998,142.919998,141.660004,142.740005,2786200,129.291382,2019-07-12
"2019-07-15",142.889999,143.509995,142.119995,143.320007,2368300,129.816772,2019-07-15
"2019-07-16",143.169998,144.039993,143.020004,143.529999,3474700,130.006958,2019-07-16
"2019-07-17",143.610001,143.800003,141.949997,143.070007,6064300,129.590317,2019-07-17
"2019-07-18",142.5,150.309998,142.199997,149.630005,12692600,135.532227,2019-07-18
"2019-07-19",149.960007,151.580002,149.550003,149.679993,7290700,135.577515,2019-07-19
"2019-07-22",150.160004,151.940002,149.699997,149.740005,4092600,135.631866,2019-07-22
"2019-07-23",150.570007,150.720001,148.380005,150.380005,3742200,136.211594,2019-07-23
"2019-07-24",150.119995,151.449997,149.199997,150.029999,2952400,135.894547,2019-07-24
"2019-07-25",149.820007,150.619995,148.610001,150.389999,3102100,136.220642,2019-07-25
"2019-07-26",151,151.410004,150.100006,151.360001,2904300,137.099243,2019-07-26
"2019-07-29",151.110001,151.479996,150.320007,150.880005,2075500,136.664444,2019-07-29
"2019-07-30",150,150.399994,149.220001,149.770004,2632700,135.659058,2019-07-30
"2019-07-31",149.699997,150.179993,146.389999,148.240005,3722900,134.273209,2019-07-31
"2019-08-01",148.899994,152.820007,148.5,150.320007,6344000,136.157242,2019-08-01
"2019-08-02",149.029999,152.949997,145.589996,147.25,8101700,133.37648,2019-08-02
"2019-08-05",144.979996,145.100006,139.149994,140.759995,7114900,127.497932,2019-08-05
"2019-08-06",142.029999,142.470001,139.309998,140.729996,5070700,127.470772,2019-08-06
"2019-08-07",138.740005,139.580002,136.410004,139.110001,5931900,126.003403,2019-08-07
"2019-08-08",138.449997,140.419998,137.759995,140.100006,5261100,128.39534,2019-08-08
"2019-08-09",139.270004,139.309998,135.350006,136.130005,5244600,124.757004,2019-08-09
"2019-08-12",135.660004,135.869995,133.179993,133.669998,4083900,122.502525,2019-08-12
"2019-08-13",133.800003,136.570007,132.809998,135.789993,4522100,124.445419,2019-08-13
"2019-08-14",133.910004,134.160004,130.979996,131.25,5114200,120.284714,2019-08-14
"2019-08-15",131.220001,132.369995,130.25,131.919998,3738900,120.898735,2019-08-15
"2019-08-16",133.039993,134.589996,132.949997,133.759995,3012000,122.585007,2019-08-16
"2019-08-19",134.880005,136.330002,134.880005,135.039993,3165100,123.75808,2019-08-19
"2019-08-20",135.240005,135.279999,132.809998,133,3018600,121.888512,2019-08-20
"2019-08-21",134.960007,135.940002,133.800003,134.25,2805700,123.034081,2019-08-21
"2019-08-22",134.690002,135.679993,133.809998,134.320007,2694900,123.098236,2019-08-22
"2019-08-23",133.630005,134.259995,128.830002,129.570007,4818400,118.745079,2019-08-23
"2019-08-26",131.050003,131.300003,129.160004,129.990005,2833900,119.129982,2019-08-26
"2019-08-27",131.199997,131.699997,130.309998,131.169998,4728000,120.211388,2019-08-27
"2019-08-28",130.440002,132.889999,130.039993,132.759995,2713600,121.668549,2019-08-28
"2019-08-29",134.179993,135.690002,134.039993,134.880005,2971800,123.611458,2019-08-29
"2019-08-30",135.580002,136.070007,134.360001,135.529999,2960600,124.207146,2019-08-30
"2019-09-03",134.850006,134.899994,133.330002,134.100006,2827900,122.896614,2019-09-03
"2019-09-04",135.710007,136.429993,135.149994,136.320007,2247900,124.931175,2019-09-04
"2019-09-05",138.300003,141.699997,138.050003,140.970001,5011600,129.192688,2019-09-05
"2019-09-06",141.520004,141.529999,140.460007,140.570007,2576800,128.82608,2019-09-06
"2019-09-09",140.589996,143.020004,140.460007,142.600006,4226600,130.686508,2019-09-09
"2019-09-10",143,145.460007,142.960007,145.050003,4979700,132.931778,2019-09-10
"2019-09-11",144.850006,145.119995,142.710007,143.600006,3869700,131.602966,2019-09-11
"2019-09-12",144.029999,144.039993,141.880005,143.619995,2505400,131.621277,2019-09-12
"2019-09-13",144.320007,144.649994,143.259995,143.669998,2206600,131.667084,2019-09-13
"2019-09-16",142.559998,143.639999,142.270004,142.479996,1928500,130.576492,2019-09-16
"2019-09-17",142.479996,142.479996,140.660004,142.199997,2933200,130.319885,2019-09-17
"2019-09-18",142.050003,142.300003,140.509995,142.220001,1983600,130.338226,2019-09-18
"2019-09-19",142.460007,145.029999,142.449997,142.970001,3089900,131.025558,2019-09-19
"2019-09-20",143.25,143.830002,141.820007,141.880005,5193400,130.026642,2019-09-20
"2019-09-23",141.190002,142.220001,140.559998,142.070007,1817900,130.200775,2019-09-23
"2019-09-24",142.5,142.889999,141.070007,141.679993,3231600,129.843323,2019-09-24
"2019-09-25",141.740005,143.630005,140.860001,143.160004,2526700,131.199677,2019-09-25
"2019-09-26",143.169998,143.880005,141.410004,143.550003,2309800,131.557114,2019-09-26
"2019-09-27",144.410004,145.089996,142.380005,143.240005,2356800,131.27301,2019-09-27
"2019-09-30",143.729996,146.570007,143.729996,145.419998,3988400,133.270859,2019-09-30
"2019-10-01",145.589996,147.350006,143.539993,143.660004,2960800,131.657928,2019-10-01
"2019-10-02",142.190002,142.270004,140.570007,141.690002,3340800,129.852509,2019-10-02
"2019-10-03",141.619995,142.070007,139.179993,142.020004,2928800,130.154938,2019-10-03
"2019-10-04",142.059998,143.059998,141.029999,142.990005,2413600,131.0439,2019-10-04
"2019-10-07",142.259995,142.699997,141.220001,141.279999,2426500,129.476761,2019-10-07
"2019-10-08",140.240005,140.470001,138.25,138.380005,3225400,126.819069,2019-10-08
"2019-10-09",139.770004,140.330002,138.789993,139.669998,2620800,128.001266,2019-10-09
"2019-10-10",139.770004,141.779999,139.559998,141.130005,2593700,129.339279,2019-10-10
"2019-10-11",142.770004,144.5,142.610001,142.759995,2996800,130.833099,2019-10-11
"2019-10-14",142.309998,142.429993,141.320007,142.039993,2309500,130.173264,2019-10-14
"2019-10-15",142.539993,143.720001,141.809998,143,3025500,131.053055,2019-10-15
"2019-10-16",142.490005,142.949997,141.389999,142.110001,5332600,130.237411,2019-10-16
"2019-10-17",135,136,132.910004,134.259995,15759800,123.043228,2019-10-17
"2019-10-18",134.220001,134.490005,132.25,134.089996,7177500,122.887451,2019-10-18
"2019-10-21",132.610001,133.100006,130.899994,132.580002,6306100,121.503593,2019-10-21
"2019-10-22",132.550003,134.050003,131.610001,133.960007,4161600,122.768311,2019-10-22
"2019-10-23",133.520004,134.570007,132.699997,134.380005,3610900,123.153221,2019-10-23
"2019-10-24",134.830002,135.070007,133.300003,134.070007,2598500,122.869141,2019-10-24
"2019-10-25",134.119995,135.929993,134.100006,135.440002,2579100,124.124649,2019-10-25
"2019-10-28",136,136.630005,135.449997,135.970001,3226100,124.610374,2019-10-28
"2019-10-29",135.419998,135.570007,133.440002,133.820007,4160700,122.640022,2019-10-29
"2019-10-30",133.830002,135.279999,133.199997,135.25,2253000,123.950539,2019-10-30
"2019-10-31",135.110001,135.25,133.229996,133.729996,3412100,122.557526,2019-10-31
"2019-11-01",134.5,135.559998,134.089996,135.529999,3089800,124.207146,2019-11-01
"2019-11-04",136.240005,137.740005,136.229996,137.669998,3335400,126.168365,2019-11-04
"2019-11-05",137.800003,138.759995,137.630005,137.889999,3015000,126.36998,2019-11-05
"2019-11-06",138,138.779999,137.550003,138.779999,4477300,127.185616,2019-11-06
"2019-11-07",137.869995,139.139999,137.580002,137.690002,4073800,127.677094,2019-11-07
"2019-11-08",137.580002,137.610001,136.160004,137.610001,2278400,127.60289,2019-11-08
"2019-11-11",137.199997,137.199997,135,135.470001,2568000,125.618523,2019-11-11
"2019-11-12",135.869995,136.660004,135.020004,135.589996,3046500,125.729805,2019-11-12
"2019-11-13",135.389999,135.580002,133.850006,134.479996,2918400,124.700516,2019-11-13
"2019-11-14",134.130005,134.330002,133.330002,134,4231300,124.255424,2019-11-14
"2019-11-15",134.389999,135.119995,134.029999,134.399994,3262500,124.626335,2019-11-15
"2019-11-18",134.300003,134.479996,133.229996,134.309998,3210400,124.542877,2019-11-18
"2019-11-19",134.880005,135.380005,134.460007,134.520004,2995000,124.737625,2019-11-19
"2019-11-20",134.059998,134.460007,132.75,133.199997,4138200,123.513603,2019-11-20
"2019-11-21",133.399994,134.169998,132.979996,133.839996,3345300,124.107063,2019-11-21
"2019-11-22",134.190002,134.649994,133.589996,134.339996,3297500,124.570686,2019-11-22
"2019-11-25",134.470001,136,134.350006,135.970001,2590100,126.082146,2019-11-25
"2019-11-26",136.149994,136.149994,134.770004,135.089996,3793200,125.266151,2019-11-26
"2019-11-27",135.350006,135.710007,133.619995,133.770004,3280900,124.042152,2019-11-27
"2019-11-29",133.600006,134.520004,133.029999,134.449997,1825300,124.672691,2019-11-29
"2019-12-02",134.449997,134.5,132.479996,132.910004,3067100,123.244698,2019-12-02
"2019-12-03",132,132.440002,130.690002,132.119995,3642500,122.512131,2019-12-03
"2019-12-04",132.860001,133.679993,131.960007,131.990005,3530000,122.391594,2019-12-04
"2019-12-05",132.990005,133.240005,131.630005,131.910004,3595400,122.317406,2019-12-05
"2019-12-06",132.75,133.889999,132.699997,133.220001,3437500,123.532135,2019-12-06
"2019-12-09",133.350006,134.589996,133.259995,133.919998,2968500,124.181229,2019-12-09
"2019-12-10",133.919998,134.839996,133.559998,133.910004,3480400,124.171959,2019-12-10
"2019-12-11",134.110001,134.509995,133.669998,133.759995,3953300,124.032867,2019-12-11
"2019-12-12",133.699997,135.660004,133.660004,135.320007,4824100,125.479431,2019-12-12
"2019-12-13",134.75,135.5,134.009995,134.210007,2535000,124.450157,2019-12-13
"2019-12-16",134.940002,135.449997,133.850006,134.130005,3049200,124.375961,2019-12-16
"2019-12-17",134.279999,134.690002,133.460007,134.220001,2907200,124.459427,2019-12-17
"2019-12-18",134.550003,135,134.149994,134.410004,3101800,124.635597,2019-12-18
"2019-12-19",134.460007,134.729996,134.190002,134.559998,3866500,124.774696,2019-12-19
"2019-12-20",135.740005,136.419998,134.949997,135.589996,7111800,125.729805,2019-12-20
"2019-12-23",135.779999,136.149994,135,135.550003,2803200,125.692703,2019-12-23
"2019-12-24",135.610001,135.619995,134.610001,134.979996,1202100,125.164146,2019-12-24
"2019-12-26",134.979996,135.309998,134.649994,134.910004,2129700,125.099251,2019-12-26
"2019-12-27",135,135.75,134.869995,135.270004,2752200,125.433052,2019-12-27
"2019-12-30",135.199997,135.300003,132.5,132.809998,4118900,123.151955,2019-12-30
"2019-12-31",132.529999,134.119995,132.399994,134.039993,3777500,124.292496,2019-12-31
"2020-01-02",135,135.919998,134.770004,135.419998,3148600,125.572166,2020-01-02
"2020-01-03",133.570007,134.860001,133.559998,134.339996,2373700,124.570686,2020-01-03
"2020-01-06",133.419998,134.240005,133.199997,134.100006,2425500,124.348145,2020-01-06
"2020-01-07",133.690002,134.960007,133.399994,134.190002,3090800,124.43161,2020-01-07
"2020-01-08",134.509995,135.860001,133.919998,135.309998,4346000,125.470146,2020-01-08
"2020-01-09",135.740005,136.789993,135.309998,136.740005,3730600,126.796181,2020-01-09
"2020-01-10",137,137.869995,136.309998,136.690002,3255400,126.749802,2020-01-10
"2020-01-13",135.479996,136.639999,135.070007,136.600006,3531000,126.666359,2020-01-13
"2020-01-14",136.279999,137.139999,135.550003,135.820007,3681000,125.943069,2020-01-14
"2020-01-15",136,138.059998,135.710007,136.619995,4045900,126.684891,2020-01-15
"2020-01-16",137.320007,138.190002,137.009995,137.979996,4320900,127.945976,2020-01-16
"2020-01-17",136.539993,138.330002,136.160004,138.309998,5623300,128.251999,2020-01-17
"2020-01-21",137.809998,139.350006,137.600006,139.169998,7244100,129.049454,2020-01-21
"2020-01-22",143.320007,145.789993,142.550003,143.889999,16470400,133.426208,2020-01-22
"2020-01-23",144.199997,144.410004,142.149994,142.869995,5657800,132.480392,2020-01-23
"2020-01-24",143.389999,143.919998,140.460007,140.559998,5580200,130.338364,2020-01-24
"2020-01-27",138.5,140.070007,138.100006,138.619995,4166600,128.539459,2020-01-27
"2020-01-28",139.5,140.470001,138.75,139.550003,3451600,129.401825,2020-01-28
"2020-01-29",139.169998,139.580002,137.600006,137.690002,3053800,127.677094,2020-01-29
"2020-01-30",136.759995,136.970001,134.970001,136.770004,5057900,126.823975,2020-01-30
"2020-01-31",142.899994,144.050003,140.789993,143.729996,18994600,133.277832,2020-01-31
"2020-02-03",144.25,147.279999,143.899994,146.270004,8886700,135.633133,2020-02-03
"2020-02-04",147.779999,149.380005,146.880005,149.110001,5621000,138.266602,2020-02-04
"2020-02-05",150.210007,157.440002,150.149994,156.330002,14386800,144.961548,2020-02-05
"2020-02-06",156.820007,158.75,155.419998,156.759995,8400500,145.360291,2020-02-06
"2020-02-07",154.550003,155.539993,152.919998,153.410004,6423400,143.739349,2020-02-07
"2020-02-10",152.970001,154.440002,151.580002,154.429993,5239800,144.695038,2020-02-10
"2020-02-11",155.119995,155.220001,152.729996,153.479996,3835100,143.804916,2020-02-11
"2020-02-12",153.75,155.600006,153.520004,155.309998,4437800,145.519577,2020-02-12
"2020-02-13",154.369995,154.830002,153.410004,154.309998,3820700,144.582596,2020-02-13
"2020-02-14",154.419998,154.559998,149.770004,150.699997,6099200,141.200165,2020-02-14
"2020-02-18",149.789993,151.380005,149.639999,151.100006,3343000,141.574966,2020-02-18
"2020-02-19",151.539993,151.889999,150.309998,150.860001,2732900,141.350082,2020-02-19
"2020-02-20",150.809998,151.619995,149.509995,151.220001,2880500,141.687408,2020-02-20
"2020-02-21",151.039993,151.039993,148.839996,149.839996,3536900,140.394394,2020-02-21
"2020-02-24",145.509995,148.050003,145.380005,146.429993,5452400,137.199341,2020-02-24
"2020-02-25",146.509995,147.070007,141.259995,141.710007,6211500,132.776901,2020-02-25
"2020-02-26",142.899994,144.059998,139.600006,139.75,5407900,130.940445,2020-02-26
"2020-02-27",137.240005,138.690002,133.009995,133.110001,8421100,124.719025,2020-02-27
"2020-02-28",129.979996,131.089996,126.360001,130.149994,13009400,121.94561,2020-02-28
"2020-03-02",130.75,134.440002,127.949997,134.300003,8531400,125.834015,2020-03-02
"2020-03-03",134.479996,136.100006,127.800003,128.899994,7896100,120.774406,2020-03-03
"2020-03-04",131.580002,134.279999,129,134.220001,4996400,125.759056,2020-03-04
"2020-03-05",130.5,132.289993,128.449997,129.550003,5446200,121.38343,2020-03-05
"2020-03-06",126.699997,128.330002,124.519997,127.730003,8193300,119.678162,2020-03-06
"2020-03-09",120.160004,122.410004,117.279999,117.809998,10757500,110.383499,2020-03-09
"2020-03-10",122.779999,124.879997,115.760002,124.769997,11410700,116.904755,2020-03-10
"2020-03-11",121.010002,122.580002,116.379997,117.970001,8446500,110.533409,2020-03-11
"2020-03-12",109.650002,109.800003,102.279999,102.809998,12512700,96.329071,2020-03-12
"2020-03-13",108.68,109.160004,100.809998,107.949997,12502100,101.14505,2020-03-13
"2020-03-16",98,107.410004,95,99.080002,10568000,92.834198,2020-03-16
"2020-03-17",100.610001,107.400002,97.099998,106.650002,9258300,99.927002,2020-03-17
"2020-03-18",99.410004,106.93,99.400002,103.550003,8772500,97.022423,2020-03-18
"2020-03-19",102.330002,103.690002,98.239998,100.339996,8396500,94.014771,2020-03-19
"2020-03-20",100.919998,100.989998,94.709999,95.389999,10546500,89.376808,2020-03-20
"2020-03-23",94.599998,97.739998,90.559998,94.769997,9729400,88.795891,2020-03-23
"2020-03-24",99.989998,106.040001,99.260002,105.480003,7973900,98.830757,2020-03-24
"2020-03-25",105.480003,112.480003,102.830002,105.849998,8654000,99.177429,2020-03-25
"2020-03-26",106.910004,113.150002,105.57,112.889999,7153500,105.773651,2020-03-26
"2020-03-27",108.580002,111.5,107.650002,108.029999,6423000,101.220009,2020-03-27
"2020-03-30",108.089996,113.459999,107.809998,112.93,5564500,105.811119,2020-03-30
"2020-03-31",112,113.809998,110.169998,110.93,6343300,103.937202,2020-03-31
"2020-04-01",106.360001,109.919998,104.519997,105.139999,6112900,98.512184,2020-04-01
"2020-04-02",105.370003,110.32,105.139999,110,6328700,103.065826,2020-04-02
"2020-04-03",108.919998,110.07,104.919998,106.339996,4538800,99.636543,2020-04-03
"2020-04-06",110.349998,115.629997,110.129997,114.82,7034200,107.581993,2020-04-06
"2020-04-07",118.800003,119.57,114.870003,114.940002,5595300,107.69442,2020-04-07
"2020-04-08",116.309998,119.959999,115.07,119.290001,5158600,111.770203,2020-04-08
"2020-04-09",120.480003,122.919998,120.169998,121.5,5576200,113.840897,2020-04-09
"2020-04-13",121.629997,121.800003,118.040001,121.150002,5119700,113.512962,2020-04-13
"2020-04-14",123.459999,125.18,122.620003,123.910004,5088700,116.098969,2020-04-14
"2020-04-15",119.120003,120.190002,116.760002,118.690002,5637300,111.208031,2020-04-15
"2020-04-16",119.010002,119.75,114.419998,115.730003,6457600,108.434616,2020-04-16
"2020-04-17",119.300003,120.389999,117.919998,120.120003,4966000,112.547882,2020-04-17
"2020-04-20",119.150002,122.860001,118.139999,120.410004,8181700,112.819603,2020-04-20
"2020-04-21",114,117.150002,112.059998,116.760002,14349000,109.399696,2020-04-21
"2020-04-22",119.870003,120.330002,117.550003,119.309998,7086500,111.788933,2020-04-22
"2020-04-23",119.57,123.029999,119.120003,121.349998,6881600,113.70034,2020-04-23
"2020-04-24",122.410004,125,120.760002,124.720001,4985900,116.85791,2020-04-24
"2020-04-27",125.559998,126.989998,125.470001,125.919998,4923800,117.982262,2020-04-27
"2020-04-28",128.029999,128.199997,125.379997,126.269997,4778100,118.310196,2020-04-28
"2020-04-29",128.880005,129.309998,127.529999,128.690002,5257600,120.577652,2020-04-29
"2020-04-30",126.519997,127.269997,125.220001,125.559998,6635800,117.644943,2020-04-30
"2020-05-01",123.190002,123.470001,121.389999,121.870003,4925500,114.187569,2020-05-01
"2020-05-04",120.82,121.970001,119.389999,121.68,4017900,114.009537,2020-05-04
"2020-05-05",123.389999,124.32,122.470001,122.580002,3899400,114.852806,2020-05-05
"2020-05-06",123.239998,124.050003,122.410004,123.169998,3864600,115.405617,2020-05-06
"2020-05-07",122.980003,123.260002,120.849998,121.230003,4412600,115.111259,2020-05-07
"2020-05-08",122.669998,123.230003,121.059998,122.989998,5002500,116.782425,2020-05-08
"2020-05-11",121.809998,123.449997,120.669998,122.589996,3535300,116.402611,2020-05-11
"2020-05-12",123.010002,124.32,120.260002,120.260002,4784500,114.190208,2020-05-12
"2020-05-13",119.949997,119.989998,114.849998,115.730003,5882800,109.888863,2020-05-13
"2020-05-14",114.57,117.089996,111.809998,116.949997,5259400,111.047279,2020-05-14
"2020-05-15",115.93,117.389999,115.25,116.980003,4786300,111.075768,2020-05-15
"2020-05-18",119.879997,122.360001,119.75,121.559998,4205700,115.424606,2020-05-18
"2020-05-19",121.190002,122.169998,120.139999,120.290001,3241100,114.218712,2020-05-19
"2020-05-20",120.93,122.470001,120.599998,121.379997,3840700,115.253693,2020-05-20
"2020-05-21",120.989998,121.720001,118.970001,119.120003,4000900,113.107758,2020-05-21
"2020-05-22",119.370003,119.470001,117.589996,118.389999,4180800,112.414597,2020-05-22
"2020-05-26",121.300003,122.620003,121.010002,121.760002,5469300,115.61451,2020-05-26
"2020-05-27",123.940002,125.830002,123.470001,125.540001,5727500,119.203728,2020-05-27
"2020-05-28",126.870003,126.970001,124.220001,124.529999,3915300,118.244705,2020-05-28
"2020-05-29",123.669998,125.129997,122.239998,124.900002,7929900,118.596031,2020-05-29
"2020-06-01",124.639999,125.75,124.029999,124.889999,2871700,118.586533,2020-06-01
"2020-06-02",125.669998,126,124.660004,126,2978100,119.640511,2020-06-02
"2020-06-03",127.150002,129.600006,127,129.050003,3917700,122.536575,2020-06-03
"2020-06-04",127.779999,128.949997,127.019997,128.889999,3864800,122.384644,2020-06-04
"2020-06-05",133.889999,134.229996,131.75,132.059998,5892700,125.394646,2020-06-05
"2020-06-08",132.270004,135.880005,132.270004,135.75,5370500,128.898422,2020-06-08
"2020-06-09",133.520004,133.600006,131.020004,131.869995,5393600,125.214218,2020-06-09
"2020-06-10",132.149994,132.229996,129.800003,129.869995,4734800,123.315178,2020-06-10
"2020-06-11",126.029999,126.099998,117.839996,118.010002,11763600,112.053787,2020-06-11
"2020-06-12",121.25,123.120003,119.279999,121.910004,6220300,115.756943,2020-06-12
"2020-06-15",119.190002,122.370003,118.290001,121.650002,5149100,115.510063,2020-06-15
"2020-06-16",125,127.5,123.160004,125.150002,5606700,118.833405,2020-06-16
"2020-06-17",125.830002,126.25,123.400002,124.150002,3156800,117.883888,2020-06-17
"2020-06-18",123,124.400002,122.330002,124.160004,2865400,117.893379,2020-06-18
"2020-06-19",126.169998,126.82,122.25,122.470001,8099000,116.288673,2020-06-19
"2020-06-22",122.120003,122.5,120.529999,121.07,4773500,114.959335,2020-06-22
"2020-06-23",122.010002,122.900002,119.230003,119.410004,6632600,113.383125,2020-06-23
"2020-06-24",118.32,118.32,115.879997,116.419998,6751000,110.544029,2020-06-24
"2020-06-25",116.760002,119.209999,116.099998,119.029999,6130600,113.022293,2020-06-25
"2020-06-26",118.260002,118.989998,116.260002,117.190002,10750100,111.275169,2020-06-26
"2020-06-29",117.980003,119.779999,117.370003,119.75,4159500,113.705963,2020-06-29
"2020-06-30",119.190002,121.199997,119,120.769997,3919500,114.674469,2020-06-30
"2020-07-01",120.269997,121.230003,118.370003,118.540001,4655800,112.557037,2020-07-01
"2020-07-02",119.690002,121.419998,119.260002,119.699997,3747000,113.658485,2020-07-02
"2020-07-06",121.25,121.849998,119.459999,120.190002,4045400,114.123756,2020-07-06
"2020-07-07",119,119.510002,117.330002,117.580002,4278100,111.645485,2020-07-07
"2020-07-08",118.059998,118.639999,116.480003,117.709999,5192800,111.768921,2020-07-08
"2020-07-09",118,118,115.199997,115.709999,4763000,109.869873,2020-07-09
"2020-07-10",115.5,118.57,115.290001,118.349998,4285700,112.376617,2020-07-10
"2020-07-13",119.779999,120.989998,118.660004,119.199997,4650700,113.183716,2020-07-13
"2020-07-14",118.620003,120.889999,117.919998,120.599998,4534400,114.513054,2020-07-14
"2020-07-15",122.400002,123.959999,122.150002,123,4473400,116.791931,2020-07-15
"2020-07-16",122.68,124.480003,122.160004,124.010002,4330900,117.750954,2020-07-16
"2020-07-17",124.389999,125.629997,123.199997,125.110001,3984600,118.795425,2020-07-17
"2020-07-20",126.07,127.07,125.139999,126.370003,9927700,119.991844,2020-07-20
"2020-07-21",131.160004,132.169998,125.800003,126.059998,15356600,119.697472,2020-07-21
"2020-07-22",125.900002,129.470001,125.800003,128.669998,8195400,122.175751,2020-07-22
"2020-07-23",129.100006,129.369995,127.150002,127.330002,4220100,120.903374,2020-07-23
"2020-07-24",126.480003,127.650002,125.5,125.790001,3531100,119.441109,2020-07-24
"2020-07-27",124.860001,126.32,124.709999,126.209999,3733400,119.839905,2020-07-27
"2020-07-28",125.82,126.339996,124.150002,124.470001,4178200,118.187729,2020-07-28
"2020-07-29",124.559998,125.989998,124.07,125.32,2832800,118.994835,2020-07-29
"2020-07-30",123.709999,123.900002,121.639999,122.900002,3988100,116.696983,2020-07-30
"2020-07-31",122.709999,122.989998,121.089996,122.940002,5277100,116.734955,2020-07-31
"2020-08-03",123.5,124.410004,122.150002,124.309998,3526100,118.035805,2020-08-03
"2020-08-04",123.82,125.860001,123.82,125.839996,3466100,119.488579,2020-08-04
"2020-08-05",126.730003,126.75,124.610001,125.449997,3619600,119.118263,2020-08-05
"2020-08-06",125,126.260002,125,126.120003,3417100,119.754456,2020-08-06
"2020-08-07",123.5,125.07,123.209999,124.959999,3651000,120.206573,2020-08-07
"2020-08-10",125.419998,127.239998,125.18,127.110001,3968300,122.27478,2020-08-10
"2020-08-11",128.759995,130.470001,126.610001,126.75,5001200,121.928482,2020-08-11
"2020-08-12",127.610001,127.790001,125.879997,126.699997,3529700,121.880379,2020-08-12
"2020-08-13",125.959999,126.389999,124.769997,125.029999,3171300,120.273911,2020-08-13
"2020-08-14",124.199997,125.559998,123.910004,125.269997,2963400,120.504784,2020-08-14
"2020-08-17",125.25,125.589996,124.410004,124.440002,3360100,119.706352,2020-08-17
"2020-08-18",125,125.5,124.239998,124.919998,2882400,120.168091,2020-08-18
"2020-08-19",124.830002,125.5,123.5,123.839996,3743900,119.129181,2020-08-19
"2020-08-20",123.199997,124.040001,122.809998,123.150002,2561200,118.465424,2020-08-20
"2020-08-21",123.010002,123.480003,122.309998,123.160004,3385100,118.475044,2020-08-21
"2020-08-24",123.790001,126.059998,123.360001,125.68,4070800,120.899185,2020-08-24
"2020-08-25",126,126.82,124.489998,124.639999,2977700,119.89875,2020-08-25
"2020-08-26",124.949997,125.120003,123.949997,124.169998,3388300,119.446617,2020-08-26
"2020-08-27",124.599998,125.099998,123.980003,124.650002,3422700,119.908363,2020-08-27
"2020-08-28",124.959999,125.300003,124.220001,125.07,3099600,120.312386,2020-08-28
"2020-08-31",125.25,125.25,123.029999,123.309998,4827900,118.619331,2020-08-31
"2020-09-01",122.849998,123.949997,122.150002,123.400002,3155300,118.705917,2020-09-01
"2020-09-02",123.720001,128.699997,123.580002,128.179993,6592400,123.304085,2020-09-02
"2020-09-03",128.190002,129.949997,123.650002,124.449997,5716800,119.715973,2020-09-03
"2020-09-04",124.349998,125.349998,121.239998,122.300003,6018200,117.647766,2020-09-04
"2020-09-08",122.160004,122.870003,120.709999,121.209999,5210300,116.59922,2020-09-08
"2020-09-09",122.129997,123.699997,121.290001,122.260002,3770700,117.609283,2020-09-09
"2020-09-10",122.529999,123.580002,120.239998,120.559998,3978400,115.973938,2020-09-10
"2020-09-11",121.389999,122.699997,120.730003,121.459999,3548100,116.839706,2020-09-11
"2020-09-14",122.360001,123.379997,121.760002,122.089996,3641500,117.44574,2020-09-14
"2020-09-15",122.82,123.400002,122.239998,122.440002,2915200,117.782433,2020-09-15
"2020-09-16",122.709999,125.82,122.709999,124.220001,3788400,119.494728,2020-09-16
"2020-09-17",122.620003,125.550003,121.970001,124.919998,3171300,120.168091,2020-09-17
"2020-09-18",124.260002,124.919998,122.650002,122.760002,5391600,118.090263,2020-09-18
"2020-09-21",120.480003,120.699997,118.580002,120.25,5311400,115.675743,2020-09-21
"2020-09-22",120.330002,121.449997,119.529999,120.510002,2957800,115.92585,2020-09-22
"2020-09-23",120.800003,121.589996,118.43,118.830002,3939400,114.309753,2020-09-23
"2020-09-24",118.099998,119.519997,116.480003,118.089996,3546200,113.5979,2020-09-24
"2020-09-25",117.599998,119.410004,116.940002,118.949997,2953700,114.425194,2020-09-25
"2020-09-28",120.57,122.330002,120.410004,121.730003,3509200,117.099442,2020-09-28
"2020-09-29",121.410004,122.190002,120.209999,120.940002,2106600,116.3395,2020-09-29
"2020-09-30",121.379997,122.910004,120.800003,121.669998,3261100,117.041725,2020-09-30
"2020-10-01",122.360001,123.300003,120.360001,121.089996,3211700,116.483788,2020-10-01
"2020-10-02",119.040001,121.75,118.82,120.57,2925200,115.983566,2020-10-02
"2020-10-05",121.839996,122.75,121.050003,122.010002,3050500,117.36879,2020-10-05
"2020-10-06",122.580002,124.830002,121.589996,121.970001,3872300,117.330315,2020-10-06
"2020-10-07",122.669998,124.389999,122.32,124.07,2815400,119.350426,2020-10-07
"2020-10-08",130.860001,135.5,129.770004,131.490005,25288900,126.488182,2020-10-08
"2020-10-09",132,132,127.599998,127.790001,8353700,122.928925,2020-10-09
"2020-10-12",128.070007,128.25,126.440002,127.209999,4635100,122.370987,2020-10-12
"2020-10-13",126.57,127.150002,124.459999,125.099998,5406100,120.341248,2020-10-13
"2020-10-14",125.129997,126.940002,125.129997,125.940002,3728100,121.1493,2020-10-14
"2020-10-15",124.080002,125.220001,123.849998,124.889999,3385300,120.139236,2020-10-15
"2020-10-16",125.169998,126.43,124.660004,125.93,4710400,121.139671,2020-10-16
"2020-10-19",126.800003,127.349998,125.080002,125.519997,7478700,120.745262,2020-10-19
"2020-10-20",119.800003,120.150002,116.839996,117.370003,21501100,112.905296,2020-10-20
"2020-10-21",116.660004,117.690002,114.790001,115.059998,9755300,110.683159,2020-10-21
"2020-10-22",115,116.059998,112.980003,115.760002,7855800,111.356544,2020-10-22
"2020-10-23",116.5,116.620003,115.529999,116,3893400,111.587402,2020-10-23
"2020-10-26",114.449997,114.900002,111.839996,112.220001,7203400,107.951195,2020-10-26
"2020-10-27",112.150002,112.220001,110.029999,110.559998,5936100,106.35434,2020-10-27
"2020-10-28",108.660004,109.730003,105.919998,106.650002,9427300,102.593079,2020-10-28
"2020-10-29",107.25,109.639999,106.550003,108.910004,6760200,104.767113,2020-10-29
"2020-10-30",107.900002,111.800003,107.75,111.660004,7921500,107.412506,2020-10-30
"2020-11-02",112.650002,113.830002,112.25,112.910004,5311500,108.614944,2020-11-02
"2020-11-03",114,115.650002,113.629997,114.160004,4204300,109.817398,2020-11-03
"2020-11-04",112.330002,113.910004,111.160004,111.900002,5800100,107.643364,2020-11-04
"2020-11-05",113.300003,115.290001,113.010002,114.769997,4902200,110.404198,2020-11-05
"2020-11-06",115.080002,115.099998,113.389999,114.040001,5249200,109.701965,2020-11-06
"2020-11-09",117.879997,119.739998,115.269997,115.529999,8992200,112.746803,2020-11-09
"2020-11-10",116.690002,118.169998,116.25,117.910004,5622800,115.069466,2020-11-10
"2020-11-11",118.120003,118.349998,116.220001,117.199997,4289600,114.376572,2020-11-11
"2020-11-12",115.629997,116.370003,113.480003,114.5,6498200,111.741615,2020-11-12
"2020-11-13",115.190002,117.370003,115.010002,116.849998,4682600,114.035004,2020-11-13
"2020-11-16",118.300003,118.550003,117.120003,118.360001,5293400,115.508629,2020-11-16
"2020-11-17",117.599998,118.540001,117.07,117.699997,4134500,114.864525,2020-11-17
"2020-11-18",117.720001,118.879997,116.75,116.769997,4606800,113.956932,2020-11-18
"2020-11-19",116.540001,117.449997,115.889999,117.18,3439600,114.357056,2020-11-19
"2020-11-20",117.599998,118.040001,116.690002,116.940002,5024300,114.122833,2020-11-20
"2020-11-23",117.43,120.519997,117.269997,120.089996,5650400,117.196945,2020-11-23
"2020-11-24",120.860001,124.730003,120.809998,124.419998,7752500,121.422638,2020-11-24
"2020-11-25",122.93,124.330002,122.110001,124.199997,4135900,121.207939,2020-11-25
"2020-11-27",124.199997,125.309998,123.910004,124.349998,2091200,121.354324,2020-11-27
"2020-11-30",124.099998,125,123.089996,123.519997,5988000,120.544312,2020-11-30
"2020-12-01",123.900002,125.830002,123.080002,123.160004,5309100,120.193001,2020-12-01
"2020-12-02",122.849998,124.639999,122.410004,124.620003,3690700,121.617821,2020-12-02
"2020-12-03",124.160004,124.860001,123.290001,123.610001,4548200,120.632149,2020-12-03
"2020-12-04",123.970001,127.379997,123.639999,127.199997,5522800,124.135666,2020-12-04
"2020-12-07",126.489998,126.970001,124.57,124.699997,8318500,121.695885,2020-12-07
"2020-12-08",125.32,126.330002,124.639999,125.709999,5395000,122.681564,2020-12-08
"2020-12-09",125.800003,127.690002,125.699997,126.790001,6513500,123.735542,2020-12-09
"2020-12-10",126.349998,126.93,124.940002,124.959999,4803200,121.949631,2020-12-10
"2020-12-11",124.080002,125.510002,123.610001,124.269997,4481400,121.276245,2020-12-11
"2020-12-14",125.32,126.239998,123.470001,123.529999,5050000,120.554077,2020-12-14
"2020-12-15",124.389999,125.93,123.440002,125.93,4356200,122.896263,2020-12-15
"2020-12-16",125.93,126.57,125.290001,125.550003,4530100,122.525414,2020-12-16
"2020-12-17",126.080002,126.089996,124.910004,125.550003,3788000,122.525414,2020-12-17
"2020-12-18",125.589996,126.400002,124.970001,125.849998,7552800,122.818192,2020-12-18
"2020-12-21",123.970001,124.18,121.720001,123.389999,6115700,120.41745,2020-12-21
"2020-12-22",123.309998,124.220001,122.410004,123.610001,4336100,120.632149,2020-12-22
"2020-12-23",123.879997,125.209999,123.739998,123.900002,2693900,120.915169,2020-12-23
"2020-12-24",125,125.099998,124.209999,124.690002,1761100,121.686134,2020-12-24
"2020-12-28",125.099998,126.599998,124.459999,124.82,3615200,121.813004,2020-12-28
"2020-12-29",125.349998,125.480003,123.239998,123.800003,3487000,120.817581,2020-12-29
"2020-12-30",123.800003,124.849998,123.629997,124.339996,3380300,121.344566,2020-12-30
"2020-12-31",124.220001,126.029999,123.989998,125.879997,3574400,122.847458,2020-12-31
"2021-01-04",125.849998,125.919998,123.040001,123.940002,5179200,120.954201,2021-01-04
"2021-01-05",125.010002,126.68,124.610001,126.139999,6114600,123.101204,2021-01-05
"2021-01-06",126.900002,131.880005,126.720001,129.289993,7956700,126.175316,2021-01-06
"2021-01-07",130.039993,130.460007,128.259995,128.990005,4507400,125.882545,2021-01-07
"2021-01-08",128.570007,129.320007,126.980003,128.529999,4676200,125.433624,2021-01-08
"2021-01-11",127.949997,129.679993,127.660004,128.580002,5601900,125.482422,2021-01-11
"2021-01-12",129.089996,129.850006,127.940002,129.210007,3749200,126.097252,2021-01-12
"2021-01-13",129.149994,129.75,126.459999,126.919998,7677700,123.862411,2021-01-13
"2021-01-14",128.020004,130.160004,127.550003,128.970001,7503200,125.863029,2021-01-14
"2021-01-15",128.279999,129.240005,127.669998,128.389999,4905500,125.296997,2021-01-15
"2021-01-19",129.279999,129.589996,128.089996,129.020004,5398000,125.911827,2021-01-19
"2021-01-20",129.699997,131.059998,128.559998,130.080002,5598700,126.946289,2021-01-20
"2021-01-21",130.119995,132.240005,130.050003,131.649994,12539200,128.478455,2021-01-21
"2021-01-22",120.699997,120.699997,117.360001,118.610001,38063500,115.752609,2021-01-22
"2021-01-25",118.760002,119.540001,117.449997,118.580002,13686400,115.723328,2021-01-25
"2021-01-26",119.18,122.589996,118.419998,122.489998,10694700,119.539131,2021-01-26
"2021-01-27",122.080002,124.790001,121.620003,122.470001,12146500,119.519615,2021-01-27
"2021-01-28",122.800003,123.199997,120.07,120.080002,8084100,117.187195,2021-01-28
"2021-01-29",120.220001,121.300003,118.900002,119.110001,11825500,116.240555,2021-01-29
"2021-02-01",119.900002,120.949997,118.730003,120.540001,6250500,117.636108,2021-02-01
"2021-02-02",119.360001,121,119.279999,119.440002,6341900,116.562614,2021-02-02
"2021-02-03",119.040001,119.800003,118.120003,119.120003,6715400,116.25032,2021-02-03
"2021-02-04",119.910004,121.099998,118.870003,121.019997,4562100,118.104546,2021-02-04
"2021-02-05",121,121.809998,120.519997,121.790001,4565700,118.855995,2021-02-05
"2021-02-08",122.620003,123.980003,122.400002,123.610001,5888000,120.632149,2021-02-08
"2021-02-09",121.900002,122.599998,121.050003,122.099998,4717000,120.750824,2021-02-09
"2021-02-10",123.029999,123.410004,121.209999,122.239998,4866800,120.889275,2021-02-10
"2021-02-11",122,122.209999,120.629997,120.910004,5381600,119.573982,2021-02-11
"2021-02-12",121,121.360001,120.089996,120.800003,3871200,119.465195,2021-02-12
"2021-02-16",120.150002,120.599998,119.360001,120.07,6639800,118.743256,2021-02-16
"2021-02-17",119.269997,120.559998,119.019997,119.970001,3959100,118.644363,2021-02-17
"2021-02-18",120.5,120.940002,119.699997,120.730003,5398100,119.395966,2021-02-18
"2021-02-19",120.75,120.760002,118.379997,118.989998,6578700,117.675186,2021-02-19
"2021-02-22",118.5,121.129997,118.440002,120.860001,5879200,119.524529,2021-02-22
"2021-02-23",120.919998,121.349998,119.800003,120.709999,4531300,119.376183,2021-02-23
"2021-02-24",120.800003,123.489998,120.519997,123.209999,5820000,121.848557,2021-02-24
"2021-02-25",123.370003,124.349998,122.339996,122.470001,5691800,121.116737,2021-02-25
"2021-02-26",122.25,122.25,118.879997,118.93,9051000,117.615852,2021-02-26
"2021-03-01",120.349998,122.32,119.860001,120.739998,5714500,119.405853,2021-03-01
"2021-03-02",120.739998,121.900002,120.260002,120.330002,4524300,119.000389,2021-03-02
"2021-03-03",120.5,122.629997,119.980003,122.360001,7404300,121.00795,2021-03-03
"2021-03-04",122,123.220001,118.760002,120.110001,8068500,118.782814,2021-03-04
"2021-03-05",120.639999,123.75,120.25,122.830002,6949300,121.472763,2021-03-05
"2021-03-08",122.989998,126.849998,122.879997,124.809998,7239200,123.430878,2021-03-08
"2021-03-09",125.400002,126.43,124.160004,124.18,5609000,122.807846,2021-03-09
"2021-03-10",125.050003,128.240005,124.610001,127.870003,7247800,126.457069,2021-03-10
"2021-03-11",128.089996,128.639999,126.779999,127.139999,5146900,125.735138,2021-03-11
"2021-03-12",127.190002,127.68,126.610001,127.610001,4010100,126.199944,2021-03-12
"2021-03-15",127.769997,128.75,127.540001,128.580002,3420600,127.159225,2021-03-15
"2021-03-16",128.279999,128.520004,127.339996,128.240005,4653200,126.822983,2021-03-16
"2021-03-17",128.460007,129.490005,127.489998,129.029999,4291400,127.604248,2021-03-17
"2021-03-18",128.940002,131,127.790001,130.059998,5835700,128.622864,2021-03-18
"2021-03-19",130.020004,130.440002,128.529999,128.899994,9845000,127.475685,2021-03-19
"2021-03-22",128.5,130.720001,127.889999,130.550003,4164900,129.107452,2021-03-22
"2021-03-23",130.440002,131.559998,129.800003,130.460007,4356400,129.018463,2021-03-23
"2021-03-24",130.949997,132.110001,130.570007,130.619995,4005000,129.176682,2021-03-24
"2021-03-25",130.330002,133.240005,129.770004,133.070007,5554000,131.599625,2021-03-25
"2021-03-26",133.289993,136.479996,133.119995,136.380005,5567600,134.873047,2021-03-26
"2021-03-29",135.979996,137.070007,135.509995,135.860001,4622700,134.35878,2021-03-29
"2021-03-30",135.860001,136.270004,134.020004,134.720001,4790400,133.231384,2021-03-30
"2021-03-31",134.539993,134.710007,132.710007,133.259995,4945100,131.787506,2021-03-31
"2021-04-01",133.759995,133.929993,132.270004,133.229996,4074000,131.757843,2021-04-01
"2021-04-05",133.639999,136.690002,133.399994,135.929993,5471300,134.427994,2021-04-05
"2021-04-06",135.580002,135.639999,134.089996,134.220001,3621000,132.736908,2021-04-06
"2021-04-07",133.839996,134.940002,133.779999,134.929993,2976000,133.439056,2021-04-07
"2021-04-08",134.570007,135.630005,134.160004,135.119995,4087200,133.626953,2021-04-08
"2021-04-09",134.869995,135.740005,134.710007,135.729996,3023900,134.230209,2021-04-09
"2021-04-12",135.020004,135.369995,133.850006,134.589996,3754000,133.102814,2021-04-12
"2021-04-13",133,133.619995,130.380005,131.179993,8033500,129.730484,2021-04-13
"2021-04-14",131.309998,132.779999,130.520004,132.630005,5868000,131.164474,2021-04-14
"2021-04-15",133.279999,133.869995,132.220001,132.580002,3884000,131.115021,2021-04-15
"2021-04-16",133,134.100006,132.949997,133.589996,5291800,132.113861,2021-04-16
"2021-04-19",133.600006,133.820007,132.580002,133.119995,8198600,131.649048,2021-04-19
"2021-04-20",137.070007,139.770004,136.699997,138.160004,15480600,136.633377,2021-04-20
"2021-04-21",138.059998,143.729996,137.710007,143.550003,11909000,141.963806,2021-04-21
"2021-04-22",143.699997,144.740005,141,141.279999,7101400,139.718887,2021-04-22
"2021-04-23",141.309998,143.610001,140.949997,142.429993,4556000,140.856171,2021-04-23
"2021-04-26",142.419998,143.630005,141.479996,141.570007,4710800,140.005692,2021-04-26
"2021-04-27",141.690002,142.559998,140.75,142.009995,3884000,140.440826,2021-04-27
"2021-04-28",142.919998,143.399994,142.100006,143,3768100,141.419891,2021-04-28
"2021-04-29",144.130005,148.740005,142.979996,144.240005,4353900,142.646194,2021-04-29
"2021-04-30",143.699997,143.830002,140.550003,141.880005,8872200,140.312271,2021-04-30
"2021-05-03",143.809998,145.75,143.550003,144.75,5733500,143.150543,2021-05-03
"2021-05-04",144.410004,146.589996,144.330002,145.75,6350500,144.139496,2021-05-04
"2021-05-05",145.940002,145.940002,144.970001,145.220001,3622800,143.615356,2021-05-05
"2021-05-06",145.259995,148.509995,145.179993,148.419998,7503500,146.779999,2021-05-06
"2021-05-07",145.919998,146.139999,144.570007,145.460007,7003500,145.460007,2021-05-07
"2021-05-10",145.800003,148.380005,145.800003,146.169998,6983400,146.169998,2021-05-10
"2021-05-11",144.990005,145.190002,142.899994,144.220001,7126400,144.220001,2021-05-11
"2021-05-12",143.839996,144.149994,141.139999,141.300003,5959600,141.300003,2021-05-12
"2021-05-13",141.449997,144.899994,141.279999,144.169998,4595800,144.169998,2021-05-13
"2021-05-14",145.110001,145.690002,143.960007,144.679993,2747400,144.679993,2021-05-14
"2021-05-17",144.440002,145.800003,144.330002,145.110001,4275100,145.110001,2021-05-17
"2021-05-18",144.779999,145.300003,143.229996,143.910004,3824100,143.910004,2021-05-18
"2021-05-19",142.320007,143.199997,140.919998,143.190002,4300700,143.190002,2021-05-19
"2021-05-20",143.119995,144.910004,142.160004,143.880005,4112500,143.880005,2021-05-20
"2021-05-21",144.279999,145.699997,144.279999,144.740005,4033500,144.740005,2021-05-21
"2021-05-24",145.059998,145.389999,144.179993,144.720001,3297600,144.720001,2021-05-24
"2021-05-25",144.919998,145,143.199997,143.789993,3937200,143.789993,2021-05-25
"2021-05-26",143.5,143.990005,143.039993,143.380005,3083800,143.380005,2021-05-26
"2021-05-27",143.820007,144.770004,143.630005,143.820007,5630300,143.820007,2021-05-27
"2021-05-28",144.210007,144.330002,143.490005,143.740005,2534600,143.740005,2021-05-28
"2021-06-01",145,145.830002,143.75,144.190002,2417500,144.190002,2021-06-01
"2021-06-02",144.619995,145.75,144.110001,145.720001,2786900,145.720001,2021-06-02
"2021-06-03",144.910004,145.880005,144.039993,145.550003,4130600,145.550003,2021-06-03
"2021-06-04",146,147.550003,145.759995,147.419998,3117900,147.419998,2021-06-04
"2021-06-07",147.550003,148.740005,147.169998,148.020004,3462700,148.020004,2021-06-07
"2021-06-08",148.119995,150.199997,148.119995,149.070007,5080100,149.070007,2021-06-08
"2021-06-09",149.029999,151.070007,148.820007,150.669998,5303300,150.669998,2021-06-09
"2021-06-10",151.470001,152.839996,149.759995,150.539993,4758500,150.539993,2021-06-10
