"","MMM.Open","MMM.High","MMM.Low","MMM.Close","MMM.Volume","MMM.Adjusted","date"
"2019-01-02",187.820007,190.990005,186.699997,190.949997,2475200,175.34848,2019-01-02
"2019-01-03",188.279999,188.279999,182.889999,183.759995,3358200,168.745956,2019-01-03
"2019-01-04",186.75,191.979996,186.029999,191.320007,2995100,175.688278,2019-01-04
"2019-01-07",191.360001,192.300003,188.660004,190.880005,2162200,175.284241,2019-01-07
"2019-01-08",193,194.110001,189.580002,191.679993,2479800,176.01886,2019-01-08
"2019-01-09",193.25,193.940002,191.380005,192.300003,2163600,176.588211,2019-01-09
"2019-01-10",190.869995,193.809998,189.399994,193.600006,1939300,177.781982,2019-01-10
"2019-01-11",191.839996,192.690002,190.860001,192.210007,2359900,176.505554,2019-01-11
"2019-01-14",190.639999,192.830002,189.800003,192.169998,1914400,176.468842,2019-01-14
"2019-01-15",188.839996,190.679993,187.860001,188.940002,2737300,173.502716,2019-01-15
"2019-01-16",188.509995,190.440002,188.419998,189.479996,2492100,173.998611,2019-01-16
"2019-01-17",188.559998,192.899994,187.899994,191.710007,1978900,176.046402,2019-01-17
"2019-01-18",194.339996,196.399994,192.360001,195.860001,2746600,179.857346,2019-01-18
"2019-01-22",194.220001,194.490005,190.429993,192.259995,2709600,176.551468,2019-01-22
"2019-01-23",192.630005,194,190.279999,192.289993,1652900,176.578995,2019-01-23
"2019-01-24",192.259995,193.169998,191.509995,192.520004,1582800,176.790222,2019-01-24
"2019-01-25",194.720001,197.160004,194.460007,195.899994,2320100,179.894073,2019-01-25
"2019-01-28",193.139999,193.449997,191.070007,193.199997,3156600,177.414673,2019-01-28
"2019-01-29",195.009995,199.889999,194.199997,196.949997,4311100,180.858276,2019-01-29
"2019-01-30",198.220001,200.110001,194.630005,199.270004,2168100,182.988693,2019-01-30
"2019-01-31",198.800003,200.889999,197.740005,200.300003,3338400,183.93457,2019-01-31
"2019-02-01",201.490005,201.770004,198.289993,199.160004,2239400,182.887726,2019-02-01
"2019-02-04",199.009995,200.259995,196.25,200.210007,1973600,183.851929,2019-02-04
"2019-02-05",200.720001,201.130005,199.729996,201.119995,2036900,184.687561,2019-02-05
"2019-02-06",201.220001,203.080002,200.25,202.570007,1672400,186.019104,2019-02-06
"2019-02-07",201.020004,202.399994,198.860001,199.839996,1949400,183.512161,2019-02-07
"2019-02-08",199.220001,199.850006,197.899994,199.820007,1451800,183.49379,2019-02-08
"2019-02-11",200.929993,201.199997,199.639999,200.910004,1513500,184.494736,2019-02-11
"2019-02-12",202.869995,206.789993,202.190002,206.570007,2623000,189.692291,2019-02-12
"2019-02-13",207.089996,210.399994,206.589996,209.720001,2967300,192.5849,2019-02-13
"2019-02-14",206.589996,207.119995,204.050003,204.929993,2229700,189.487335,2019-02-14
"2019-02-15",206.460007,208.970001,206,208.860001,2000400,193.121185,2019-02-15
"2019-02-19",207.910004,209.149994,207.389999,208.410004,1534400,192.705109,2019-02-19
"2019-02-20",208.929993,208.970001,207.320007,208.529999,1879100,192.816055,2019-02-20
"2019-02-21",208.160004,209.110001,207.25,207.770004,1737600,192.113327,2019-02-21
"2019-02-22",207.770004,209.660004,207.149994,209.350006,1534200,193.57428,2019-02-22
"2019-02-25",210.470001,211.350006,210.339996,210.580002,2183500,194.711578,2019-02-25
"2019-02-26",210.580002,211.589996,209.369995,209.380005,1671300,193.602036,2019-02-26
"2019-02-27",209.600006,209.690002,208.160004,209.029999,1540600,193.278381,2019-02-27
"2019-02-28",209.050003,209.050003,206.960007,207.389999,2121700,191.761963,2019-02-28
"2019-03-01",208.809998,209.759995,206.899994,207.490005,1754400,191.854462,2019-03-01
"2019-03-04",208.990005,209.979996,205.740005,206.860001,1989900,191.271927,2019-03-04
"2019-03-05",205.580002,207.25,203.839996,203.839996,2744500,188.479477,2019-03-05
"2019-03-06",204.729996,204.789993,202.759995,202.800003,1825300,187.517868,2019-03-06
"2019-03-07",202.559998,202.559998,198.5,199.860001,3339600,184.799408,2019-03-07
"2019-03-08",198.380005,201.169998,198,200.889999,1724500,185.75177,2019-03-08
"2019-03-11",201.880005,207.160004,201.660004,207.100006,2385300,191.493851,2019-03-11
"2019-03-12",207.839996,208.389999,205.380005,205.800003,2115100,190.291779,2019-03-12
"2019-03-13",206.830002,207.300003,205.630005,206.660004,2036700,191.08699,2019-03-13
"2019-03-14",206.699997,207.449997,205.729996,207.380005,1793400,191.752731,2019-03-14
"2019-03-15",208.399994,208.660004,206.789993,208.080002,4394700,192.399979,2019-03-15
"2019-03-18",208.440002,208.600006,205.610001,208.490005,1843600,192.779099,2019-03-18
"2019-03-19",209.100006,210.539993,208.309998,209.020004,2351600,193.26915,2019-03-19
"2019-03-20",209,210.509995,207.289993,208.300003,1734600,192.603394,2019-03-20
"2019-03-21",206.800003,210.160004,205.970001,209.610001,2288100,193.814682,2019-03-21
"2019-03-22",208.289993,208.490005,204.470001,204.660004,2716100,189.237686,2019-03-22
"2019-03-25",203.460007,205.470001,202.25,203.210007,2020600,187.896957,2019-03-25
"2019-03-26",205,207.639999,204.770004,207.240005,1895600,191.623276,2019-03-26
"2019-03-27",207.399994,207.940002,205.130005,207.160004,2004000,191.549286,2019-03-27
"2019-03-28",208,208.740005,206.639999,208.529999,1670600,192.816055,2019-03-28
"2019-03-29",209.289993,209.5,206.199997,207.779999,2858300,192.122574,2019-03-29
"2019-04-01",209.889999,212.389999,209.259995,211.940002,2588400,195.969101,2019-04-01
"2019-04-02",212.240005,212.699997,211,212.130005,1413500,196.144791,2019-04-02
"2019-04-03",212.949997,213.929993,212.440002,213.130005,1570000,197.069443,2019-04-03
"2019-04-04",213.5,215.270004,212.330002,215.029999,1560900,198.826233,2019-04-04
"2019-04-05",215.880005,216.490005,214.800003,215.410004,1391100,199.177628,2019-04-05
"2019-04-08",214.710007,215.070007,213.470001,215.020004,1130000,198.817032,2019-04-08
"2019-04-09",214.419998,214.570007,211.820007,211.960007,1516500,195.987595,2019-04-09
"2019-04-10",212.419998,212.710007,210.720001,212.110001,1348600,196.126297,2019-04-10
"2019-04-11",211.710007,213.710007,211.440002,213.529999,1181200,197.439285,2019-04-11
"2019-04-12",215.100006,217.490005,214.350006,217.419998,1922400,201.036179,2019-04-12
"2019-04-15",216.839996,217.360001,214.899994,215.830002,1483300,199.565979,2019-04-15
"2019-04-16",216.589996,217.669998,215.479996,216.899994,1549600,200.555328,2019-04-16
"2019-04-17",217.630005,219.330002,217.179993,217.639999,1977600,201.239578,2019-04-17
"2019-04-18",217.979996,219.669998,217.619995,218.880005,1780100,202.386169,2019-04-18
"2019-04-22",217.300003,219.399994,217.270004,218.539993,1403500,202.071732,2019-04-22
"2019-04-23",218.009995,219.550003,217.179993,219.5,1561800,202.959396,2019-04-23
"2019-04-24",219,219.75,218.100006,219.080002,2048900,202.57106,2019-04-24
"2019-04-25",197.539993,198.960007,189.600006,190.720001,14646200,176.348175,2019-04-25
"2019-04-26",190.529999,192.25,189.360001,191.669998,4491300,177.226578,2019-04-26
"2019-04-29",191.520004,192.190002,189.75,190.210007,3803400,175.876602,2019-04-29
"2019-04-30",190.860001,190.860001,186.550003,189.509995,4541000,175.22934,2019-04-30
"2019-05-01",189.490005,189.710007,185.919998,186.070007,3818500,172.048553,2019-05-01
"2019-05-02",184.5,186.5,183.380005,184.75,5654900,170.828018,2019-05-02
"2019-05-03",185.809998,186.690002,184.089996,185.220001,4747700,171.262619,2019-05-03
"2019-05-06",182.039993,183.110001,180.130005,183.039993,6517600,169.246872,2019-05-06
"2019-05-07",181.809998,181.899994,177.809998,179.119995,5415600,165.622269,2019-05-07
"2019-05-08",179.509995,180.529999,178.5,178.589996,2990500,165.132233,2019-05-08
"2019-05-09",177.300003,177.399994,174.179993,175.279999,5098200,162.07164,2019-05-09
"2019-05-10",175.020004,176.330002,173.009995,175.860001,5012300,162.607925,2019-05-10
"2019-05-13",173.940002,174.580002,172.789993,174.070007,5916700,160.95282,2019-05-13
"2019-05-14",174.789993,176.970001,174.509995,175.210007,4014000,162.006927,2019-05-14
"2019-05-15",174.020004,175.649994,173.649994,174.119995,3015500,160.999054,2019-05-15
"2019-05-16",174.389999,174.389999,171.360001,171.809998,4039500,158.863113,2019-05-16
"2019-05-17",170,170.259995,168.429993,169.089996,4595000,156.348083,2019-05-17
"2019-05-20",167.960007,167.960007,165.610001,166.25,4374600,153.722107,2019-05-20
"2019-05-21",167.009995,167.419998,166.179993,167.300003,4148200,154.692993,2019-05-21
"2019-05-22",167.429993,170.759995,166.460007,169.740005,4504200,156.949127,2019-05-22
"2019-05-23",167.580002,168.300003,164.589996,165.869995,3830200,154.682999,2019-05-23
"2019-05-24",166.339996,167.419998,165.320007,166.089996,2366900,154.888168,2019-05-24
"2019-05-28",166.800003,166.990005,163.350006,163.350006,4875100,152.332962,2019-05-28
"2019-05-29",163.009995,163.800003,160.5,161.399994,3669000,150.514465,2019-05-29
"2019-05-30",161.399994,162.270004,160,160.580002,2478700,149.749786,2019-05-30
"2019-05-31",159.830002,160.740005,159.630005,159.75,3521900,148.975754,2019-05-31
"2019-06-03",159.75,161.5,159.320007,160.039993,3726500,149.246216,2019-06-03
"2019-06-04",161.729996,165.089996,161.580002,164.289993,3746800,153.209579,2019-06-04
"2019-06-05",165.139999,165.830002,162.880005,163.850006,3161600,152.799225,2019-06-05
"2019-06-06",164,166.350006,162.460007,164.720001,3581800,153.610565,2019-06-06
"2019-06-07",165.559998,167.089996,164.639999,166.610001,2017700,155.373108,2019-06-07
"2019-06-10",168.110001,170.220001,167.869995,168.289993,2257600,156.939789,2019-06-10
"2019-06-11",169.910004,170.360001,168.5,168.910004,2227200,157.517975,2019-06-11
"2019-06-12",169.869995,170.149994,168.589996,169.009995,2166400,157.611237,2019-06-12
"2019-06-13",169.360001,169.899994,167.869995,168.850006,2141500,157.462051,2019-06-13
"2019-06-14",168.240005,168.25,166.050003,166.690002,2719200,155.447693,2019-06-14
"2019-06-17",167.100006,167.429993,166.460007,166.779999,1783300,155.531631,2019-06-17
"2019-06-18",167.850006,172.270004,167.570007,171.860001,3623000,160.269012,2019-06-18
"2019-06-19",171.880005,172.809998,170.539993,170.75,2777400,159.233871,2019-06-19
"2019-06-20",172.869995,174.279999,171.699997,173.940002,3064200,162.208725,2019-06-20
"2019-06-21",173.75,174.559998,172.630005,173.350006,4880800,161.658554,2019-06-21
"2019-06-24",173.350006,174.339996,173.339996,173.380005,2711900,161.686539,2019-06-24
"2019-06-25",173.25,173.389999,171.279999,172.029999,2733200,160.427551,2019-06-25
"2019-06-26",172.350006,173.240005,171.720001,171.880005,1812200,160.287689,2019-06-26
"2019-06-27",172.509995,172.789993,170.649994,171.5,1718500,159.933289,2019-06-27
"2019-06-28",171.850006,174.369995,171.770004,173.339996,3600800,161.649185,2019-06-28
"2019-07-01",175.460007,175.779999,173.520004,174.509995,2106700,162.740295,2019-07-01
"2019-07-02",175.100006,175.100006,173.070007,174.020004,1555400,162.28334,2019-07-02
"2019-07-03",174.169998,175.039993,172.929993,174.979996,1170700,163.178589,2019-07-03
"2019-07-05",173,173.279999,169.729996,172,1740500,160.399582,2019-07-05
"2019-07-08",169.919998,170.479996,168.770004,169.190002,2285300,157.779099,2019-07-08
"2019-07-09",166.820007,167.449997,164.289993,165.699997,4536100,154.52446,2019-07-09
"2019-07-10",166.190002,167.320007,165.570007,165.699997,2661700,154.52446,2019-07-10
"2019-07-11",166.300003,169.089996,165.869995,169.039993,2814800,157.639206,2019-07-11
"2019-07-12",170.100006,173.360001,169.25,173.339996,3160700,161.649185,2019-07-12
"2019-07-15",173.380005,174.25,171.210007,172.839996,2187500,161.182907,2019-07-15
"2019-07-16",172.75,177.25,172.720001,176.490005,3918900,164.586746,2019-07-16
"2019-07-17",176.350006,176.490005,174.100006,174.669998,2947400,162.889496,2019-07-17
"2019-07-18",174.419998,175.139999,172.399994,173.059998,2221800,161.388077,2019-07-18
"2019-07-19",173.009995,173.990005,172.210007,172.610001,2360300,160.96843,2019-07-19
"2019-07-22",172.809998,175.210007,172.130005,174.639999,2004400,162.861526,2019-07-22
"2019-07-23",176,178.020004,175.649994,177.520004,2360700,165.547287,2019-07-23
"2019-07-24",176.929993,180.289993,176.259995,179.419998,3532300,167.319138,2019-07-24
"2019-07-25",187.009995,187.720001,176.660004,178.130005,7362000,166.11615,2019-07-25
"2019-07-26",177.630005,178.389999,170.570007,173.979996,4016100,162.246017,2019-07-26
"2019-07-29",173.830002,177.619995,173.660004,176.759995,2638900,164.838531,2019-07-29
"2019-07-30",175.660004,177.809998,173.800003,177.630005,1978900,165.649857,2019-07-30
"2019-07-31",177.649994,178.020004,173.399994,174.720001,3015800,162.936127,2019-07-31
"2019-08-01",174.789993,177.669998,173.029999,173.360001,2381200,161.667847,2019-08-01
"2019-08-02",172.860001,172.919998,169.809998,170.550003,2423100,159.047379,2019-08-02
"2019-08-05",168.949997,169.020004,164.419998,164.710007,2894700,153.601242,2019-08-05
"2019-08-06",164.820007,165.479996,162.899994,163.710007,3494800,152.668686,2019-08-06
"2019-08-07",162,163.949997,158.039993,163.639999,5993200,152.603409,2019-08-07
"2019-08-08",164.369995,165.490005,163.550003,164.220001,3260100,153.144272,2019-08-08
"2019-08-09",164.539993,164.75,162.029999,163.470001,1582100,152.44487,2019-08-09
"2019-08-12",163.020004,164.779999,161.550003,162.100006,1473800,151.167267,2019-08-12
"2019-08-13",162.559998,167.880005,162.149994,164.880005,3244600,153.759781,2019-08-13
"2019-08-14",162.5,162.869995,158.669998,158.809998,4056100,148.099167,2019-08-14
"2019-08-15",158.059998,159.699997,155.630005,156.839996,4452700,147.600388,2019-08-15
"2019-08-16",157.839996,161.910004,157.449997,161.5,3481800,151.985855,2019-08-16
"2019-08-19",163.710007,163.949997,161.779999,162.949997,3198000,153.350418,2019-08-19
"2019-08-20",163.110001,163.110001,160.960007,161.009995,2061700,151.524734,2019-08-20
"2019-08-21",162.690002,163.649994,161.050003,161.149994,1623600,151.656464,2019-08-21
"2019-08-22",162,162.929993,160.149994,160.880005,1441600,151.402405,2019-08-22
"2019-08-23",160.080002,160.350006,155.270004,155.850006,4223900,146.668716,2019-08-23
"2019-08-26",157.009995,157.470001,155.080002,156.119995,2215300,146.922791,2019-08-26
"2019-08-27",157.330002,157.479996,155.399994,155.75,2281100,146.574585,2019-08-27
"2019-08-28",155.100006,157.779999,154,157.550003,2346900,148.268555,2019-08-28
"2019-08-29",159.300003,161.029999,159.050003,160.360001,3170500,150.91301,2019-08-29
"2019-08-30",161.570007,162.149994,160.410004,161.720001,1967000,152.192902,2019-08-30
"2019-09-03",161.399994,161.630005,157.259995,158.639999,1835800,149.294357,2019-09-03
"2019-09-04",159.830002,160.630005,158.990005,160.070007,1506600,150.640106,2019-09-04
"2019-09-05",162.5,166.410004,162.389999,164.229996,2421400,154.555038,2019-09-05
"2019-09-06",164.639999,164.880005,162.949997,163.940002,1762300,154.28212,2019-09-06
"2019-09-09",165,167.850006,164.690002,165.940002,3091300,156.164291,2019-09-09
"2019-09-10",166.160004,169.100006,166.009995,168.860001,3240200,158.912277,2019-09-10
"2019-09-11",169.860001,169.889999,165.369995,168.080002,3579100,158.178223,2019-09-11
"2019-09-12",169.619995,171.850006,168.610001,170.580002,2870400,160.53096,2019-09-12
"2019-09-13",170.589996,172.479996,169.860001,171.440002,2534200,161.340271,2019-09-13
"2019-09-16",171.210007,171.210007,167.910004,169.669998,2459300,159.674545,2019-09-16
"2019-09-17",167.759995,168.570007,166.5,168.070007,2716400,158.168823,2019-09-17
"2019-09-18",167.610001,168.050003,165.25,167.440002,2096700,157.575928,2019-09-18
"2019-09-19",167.389999,168.809998,166.910004,167.070007,1623000,157.227753,2019-09-19
"2019-09-20",167.429993,169.169998,166.479996,166.759995,3698900,156.936005,2019-09-20
"2019-09-23",165.490005,167.429993,164.5,166.759995,1938600,156.936005,2019-09-23
"2019-09-24",167.050003,167.550003,164.160004,164.740005,2986800,155.034988,2019-09-24
"2019-09-25",164.759995,164.979996,163.690002,164,2758200,154.338593,2019-09-25
"2019-09-26",164,164.410004,162.800003,163.830002,2763300,154.178604,2019-09-26
"2019-09-27",164.479996,165.639999,163.520004,164.529999,2870300,154.837357,2019-09-27
"2019-09-30",165.210007,165.570007,163.940002,164.399994,2508500,154.715012,2019-09-30
"2019-10-01",165,165.210007,158.169998,158.380005,3271500,149.049667,2019-10-01
"2019-10-02",157.059998,157.220001,154.630005,155.649994,2972300,146.480484,2019-10-02
"2019-10-03",155.139999,155.460007,150.809998,155.229996,3025700,146.085236,2019-10-03
"2019-10-04",155.229996,156.050003,154.399994,155.820007,2646400,146.640472,2019-10-04
"2019-10-07",155,155.350006,153.520004,153.520004,2471200,144.475998,2019-10-07
"2019-10-08",152.330002,152.800003,150.580002,150.740005,2781800,141.859741,2019-10-08
"2019-10-09",152.339996,152.440002,150.789993,150.990005,3358600,142.095016,2019-10-09
"2019-10-10",150.949997,153.089996,150.869995,152.309998,3192000,143.33725,2019-10-10
"2019-10-11",154.130005,159.600006,154.110001,158.100006,4670200,148.786148,2019-10-11
"2019-10-14",158.039993,162.389999,157.339996,160.509995,3269800,151.054184,2019-10-14
"2019-10-15",159.350006,164.020004,159.350006,162.979996,3098600,153.378662,2019-10-15
"2019-10-16",163.100006,164.199997,162.119995,162.179993,1935200,152.625793,2019-10-16
"2019-10-17",163.139999,165.490005,163.080002,163.539993,1944600,153.905701,2019-10-17
"2019-10-18",163.559998,164.270004,162.979996,163.100006,2693700,153.491592,2019-10-18
"2019-10-21",165.470001,166.149994,164.759995,165.940002,1998600,156.164291,2019-10-21
"2019-10-22",166.270004,168.910004,165.100006,167.539993,2064000,157.670029,2019-10-22
"2019-10-23",167.410004,168.759995,166.559998,168.759995,2712300,158.818161,2019-10-23
"2019-10-24",165.160004,165.25,159.630005,161.889999,5953300,152.352875,2019-10-24
"2019-10-25",162.509995,167.630005,162.130005,166.089996,3104800,156.30545,2019-10-25
"2019-10-28",166.479996,169.710007,166.199997,169.059998,3138000,159.100494,2019-10-28
"2019-10-29",168.029999,169.949997,167.509995,168.809998,2669400,158.865219,2019-10-29
"2019-10-30",168.229996,168.570007,167.029999,168.369995,1780400,158.451126,2019-10-30
"2019-10-31",168.509995,168.559998,163.550003,164.990005,2653100,155.270264,2019-10-31
"2019-11-01",166.940002,170.149994,166.720001,170.089996,2467400,160.069809,2019-11-01
"2019-11-04",171.619995,175,171.619995,174.899994,4142800,164.596451,2019-11-04
"2019-11-05",175,175.460007,173.770004,175.270004,2304400,164.944641,2019-11-05
"2019-11-06",174.910004,175,172.360001,174,3012900,163.749451,2019-11-06
"2019-11-07",175.729996,176.710007,173.789993,174.520004,3358800,164.238831,2019-11-07
"2019-11-08",174.580002,174.869995,172.110001,173.149994,1615600,162.949524,2019-11-08
"2019-11-11",172.5,172.5,169.649994,170.110001,2664300,160.088654,2019-11-11
"2019-11-12",170.360001,172.070007,170.029999,170.839996,1740400,160.775604,2019-11-12
"2019-11-13",170.110001,171.389999,169.580002,170.550003,1638800,160.502716,2019-11-13
"2019-11-14",169.979996,172.320007,169.929993,170.929993,1613900,160.860291,2019-11-14
"2019-11-15",171.660004,172.690002,171.039993,171.880005,2616900,161.754379,2019-11-15
"2019-11-18",170.789993,171.199997,169.169998,170.539993,2364600,160.493317,2019-11-18
"2019-11-19",171.720001,171.720001,169.529999,170.679993,1791800,160.625046,2019-11-19
"2019-11-20",169.789993,170,167.149994,167.770004,2689500,157.88649,2019-11-20
"2019-11-21",166.880005,167,164.509995,165.139999,3605900,156.756897,2019-11-21
"2019-11-22",165.5,167.75,165,167.600006,3268300,159.092041,2019-11-22
"2019-11-25",168.470001,170.360001,167.869995,170.240005,2761900,161.598022,2019-11-25
"2019-11-26",169.800003,170.25,168.710007,169.229996,2610900,160.639282,2019-11-26
"2019-11-27",170,171.369995,169.509995,170.610001,1331500,161.949219,2019-11-27
"2019-11-29",170.429993,170.580002,169.259995,169.770004,942500,161.151871,2019-11-29
"2019-12-02",170.160004,171.699997,168.240005,168.270004,2342200,159.728012,2019-12-02
"2019-12-03",166.5,166.600006,164.399994,165.169998,2702000,156.78537,2019-12-03
"2019-12-04",166.419998,168.869995,166,167.139999,2139200,158.655365,2019-12-04
"2019-12-05",167.220001,167.869995,162.720001,164.369995,3309300,156.02597,2019-12-05
"2019-12-06",167.25,171.990005,167.25,171.470001,3880000,162.765533,2019-12-06
"2019-12-09",169.399994,171.259995,168.789993,169.830002,2058200,161.208817,2019-12-09
"2019-12-10",169.130005,169.389999,166.970001,167.660004,2670500,159.148956,2019-12-10
"2019-12-11",168.380005,168.839996,167.330002,168.740005,1859000,160.174164,2019-12-11
"2019-12-12",166.729996,170.850006,166.330002,168.559998,2872400,160.003281,2019-12-12
"2019-12-13",169.619995,171.119995,168.080002,168.789993,2098000,160.221603,2019-12-13
"2019-12-16",168.940002,170.830002,168.190002,170.75,2917200,162.082108,2019-12-16
"2019-12-17",170.350006,171.789993,169.210007,169.929993,2672600,161.303726,2019-12-17
"2019-12-18",169.779999,170,168.190002,169.029999,2270400,160.449417,2019-12-18
"2019-12-19",169.619995,172.580002,169.149994,172.149994,2757600,163.411041,2019-12-19
"2019-12-20",174.789993,175.470001,172.199997,175.369995,7513000,166.467575,2019-12-20
"2019-12-23",176.710007,179.179993,176.559998,178.470001,4876300,169.410233,2019-12-23
"2019-12-24",178.270004,178.669998,176.039993,176.679993,1259500,167.711075,2019-12-24
"2019-12-26",176.449997,176.660004,175.5,176.589996,1435200,167.625656,2019-12-26
"2019-12-27",176.649994,177.539993,175.619995,177.259995,1472900,168.261642,2019-12-27
"2019-12-30",177.259995,178.960007,175.589996,175.830002,1715100,166.904251,2019-12-30
"2019-12-31",175.229996,176.589996,175.070007,176.419998,1573500,167.464294,2019-12-31
"2020-01-02",177.679993,180.009995,177.139999,180,3601700,170.862549,2020-01-02
"2020-01-03",177.020004,178.660004,175.630005,178.449997,2466900,169.39122,2020-01-03
"2020-01-06",177.149994,178.710007,176.350006,178.619995,1998000,169.552582,2020-01-06
"2020-01-07",178.279999,178.509995,176.820007,177.899994,2173000,168.869125,2020-01-07
"2020-01-08",178,181.5,177.649994,180.630005,2758300,171.460571,2020-01-08
"2020-01-09",181.509995,181.589996,179.759995,181.199997,2746300,172.001633,2020-01-09
"2020-01-10",181.610001,182.179993,180.139999,180.470001,2103800,171.308701,2020-01-10
"2020-01-13",180.940002,182.229996,180.360001,180.919998,2090800,171.73584,2020-01-13
"2020-01-14",180.919998,182.550003,180.210007,181.369995,2911200,172.162979,2020-01-14
"2020-01-15",181.419998,181.860001,179.179993,179.779999,2482200,170.653717,2020-01-15
"2020-01-16",180.679993,181.199997,179.690002,181.009995,2149900,171.821274,2020-01-16
"2020-01-17",181,182.149994,180.699997,181.350006,3690100,172.144043,2020-01-17
"2020-01-21",181.850006,181.910004,178.630005,179.389999,3367700,170.283524,2020-01-21
"2020-01-22",179.509995,180.570007,177.880005,178.029999,2420200,168.992538,2020-01-22
"2020-01-23",177.070007,178.440002,176.389999,177.740005,2358400,168.71727,2020-01-23
"2020-01-24",178.490005,179.809998,177.529999,178.149994,2643100,169.106461,2020-01-24
"2020-01-27",179.860001,180.589996,175.539993,175.630005,4361400,166.714401,2020-01-27
"2020-01-28",171.899994,172.339996,165.050003,165.580002,8920700,157.174561,2020-01-28
"2020-01-29",166.350006,166.470001,161.529999,162,5343900,153.776291,2020-01-29
"2020-01-30",161,162.639999,158.759995,162.509995,4357100,154.260422,2020-01-30
"2020-01-31",162,162.649994,158.229996,158.660004,5740300,150.60585,2020-01-31
"2020-02-03",160.029999,160.309998,156.380005,156.589996,3925500,148.640915,2020-02-03
"2020-02-04",159.770004,159.960007,157,157.240005,4363900,149.257935,2020-02-04
"2020-02-05",159.119995,162.330002,158.699997,162.330002,3118200,154.089554,2020-02-05
"2020-02-06",164.490005,165,162.470001,162.889999,3413800,154.621109,2020-02-06
"2020-02-07",161.410004,161.919998,159.630005,160.080002,2736200,151.953751,2020-02-07
"2020-02-10",160.210007,161.259995,158.869995,160.149994,2754800,152.020187,2020-02-10
"2020-02-11",161,162.520004,160.020004,162.449997,2275100,154.203445,2020-02-11
"2020-02-12",164.240005,165.039993,163.570007,163.800003,2736400,155.48494,2020-02-12
"2020-02-13",161.759995,161.869995,159,159.759995,3413900,153.023285,2020-02-13
"2020-02-14",159.850006,161.139999,158.820007,161.009995,2233500,154.220581,2020-02-14
"2020-02-18",160.360001,160.529999,158.039993,158.880005,2478900,152.180405,2020-02-18
"2020-02-19",159.080002,160.470001,158.360001,159.339996,2296400,152.620987,2020-02-19
"2020-02-20",159,161.389999,158.5,158.559998,3275100,151.873886,2020-02-20
"2020-02-21",158.330002,158.589996,156.119995,156.929993,3535300,150.312622,2020-02-21
"2020-02-24",154.449997,154.710007,152.220001,152.550003,3635600,146.117325,2020-02-24
"2020-02-25",153.309998,153.440002,145.970001,146.850006,5263400,140.6577,2020-02-25
"2020-02-26",149.570007,151.820007,148.089996,148.960007,5152100,142.678711,2020-02-26
"2020-02-27",151.229996,155.429993,149,150.160004,8241600,143.82811,2020-02-27
"2020-02-28",154.089996,156.720001,146,149.240005,11499700,142.946884,2020-02-28
"2020-03-02",151.339996,153.429993,148.369995,153.020004,8026300,146.567505,2020-03-02
"2020-03-03",152.440002,154,144.440002,145.240005,8296500,139.115585,2020-03-03
"2020-03-04",147.020004,154,145.990005,153.979996,5773800,147.48703,2020-03-04
"2020-03-05",150.800003,154.350006,149.550003,151.410004,5887000,145.025391,2020-03-05
"2020-03-06",149.589996,154.740005,147.869995,153.649994,7155100,147.170929,2020-03-06
"2020-03-09",146.589996,149.460007,143.550003,144.059998,8194400,137.985336,2020-03-09
"2020-03-10",149.020004,153.380005,144.880005,153.300003,5651700,146.835693,2020-03-10
"2020-03-11",149.729996,149.729996,146.470001,147.240005,4748200,141.03125,2020-03-11
"2020-03-12",139.960007,141.710007,130.339996,133.580002,8215800,127.94725,2020-03-12
"2020-03-13",141.009995,141.690002,131,141.679993,6580300,135.705688,2020-03-13
"2020-03-16",129.860001,135.5,128.009995,130.910004,7440800,125.389832,2020-03-16
"2020-03-17",131.940002,136.770004,129.610001,134.440002,6535400,128.770981,2020-03-17
"2020-03-18",128.460007,139.369995,128.389999,137.020004,6860400,131.242203,2020-03-18
"2020-03-19",137.710007,140.179993,132.929993,137.509995,6365700,131.711517,2020-03-19
"2020-03-20",138.070007,139.240005,122.709999,124.889999,9589200,119.623672,2020-03-20
"2020-03-23",128.160004,128.399994,114.040001,117.870003,7934300,112.899696,2020-03-23
"2020-03-24",122.290001,133.449997,121,132.720001,9311700,127.123505,2020-03-24
"2020-03-25",133.149994,134.690002,126.800003,131.539993,7742500,125.993263,2020-03-25
"2020-03-26",131.789993,136.380005,130.610001,136.179993,6717000,130.437607,2020-03-26
"2020-03-27",132.830002,137.070007,130.910004,133.240005,4262300,127.621582,2020-03-27
"2020-03-30",132.25,138.009995,131.059998,137.740005,3869500,131.931824,2020-03-30
"2020-03-31",135.690002,139.440002,135.679993,136.509995,3613700,130.753677,2020-03-31
"2020-04-01",132,135.839996,131.009995,133.139999,3777600,127.52578,2020-04-01
"2020-04-02",132.360001,138.210007,132.100006,137.910004,3990300,132.09465,2020-04-02
"2020-04-03",136.009995,137.440002,132.899994,133.789993,3588300,128.148376,2020-04-03
"2020-04-06",137.860001,141.25,136.899994,140.699997,5639700,134.766998,2020-04-06
"2020-04-07",147.5,150.639999,144.399994,144.600006,5496300,138.502563,2020-04-07
"2020-04-08",145.729996,149.720001,143.910004,148.990005,3071100,142.707443,2020-04-08
"2020-04-09",148.460007,149.729996,146.539993,147.779999,4783700,141.548477,2020-04-09
"2020-04-13",147.5,148.580002,145.300003,146.399994,2642300,140.226654,2020-04-13
"2020-04-14",149.619995,150.979996,148.050003,150.139999,3318400,143.808945,2020-04-14
"2020-04-15",148.190002,148.550003,144.899994,145.160004,3043900,139.03894,2020-04-15
"2020-04-16",145.270004,146.449997,143.229996,144.899994,4170400,138.789902,2020-04-16
"2020-04-17",147.440002,148.5,144.800003,146.460007,5393100,140.284134,2020-04-17
"2020-04-20",144.75,147.020004,143.649994,143.669998,2893000,137.611771,2020-04-20
"2020-04-21",142.25,142.770004,140.5,141.630005,2331100,135.657791,2020-04-21
"2020-04-22",143.360001,144.479996,141.710007,143.610001,2749600,137.554306,2020-04-22
"2020-04-23",144.580002,147.580002,143.880005,144.330002,2585300,138.243942,2020-04-23
"2020-04-24",145.169998,147.339996,144.309998,147,2247100,140.801346,2020-04-24
"2020-04-27",148,154.490005,147.889999,153.649994,4644900,147.170929,2020-04-27
"2020-04-28",160.029999,163.080002,155.199997,157.610001,8294100,150.963974,2020-04-28
"2020-04-29",158.539993,160.220001,155.169998,156.259995,3987100,149.670868,2020-04-29
"2020-04-30",154.309998,154.940002,151.75,151.919998,3667800,145.513885,2020-04-30
"2020-05-01",149.300003,150.039993,147.729996,148.600006,2926400,142.333878,2020-05-01
"2020-05-04",148.539993,148.559998,146.059998,148.399994,2229800,142.142303,2020-05-04
"2020-05-05",149.889999,150,147.100006,147.429993,2269200,141.213211,2020-05-05
"2020-05-06",147.789993,148.169998,145.990005,146.199997,2168600,140.035095,2020-05-06
"2020-05-07",147.699997,147.850006,144.899994,145.740005,2800800,139.594498,2020-05-07
"2020-05-08",147.080002,149.179993,146.380005,148.509995,2169700,142.247681,2020-05-08
"2020-05-11",147.820007,147.960007,145.589996,145.729996,3034600,139.584885,2020-05-11
"2020-05-12",146.550003,147.220001,141.449997,141.520004,3030000,135.552429,2020-05-12
"2020-05-13",140.710007,140.729996,135,136.119995,4806000,130.380157,2020-05-13
"2020-05-14",135,136.149994,131.119995,135.990005,5897700,130.255615,2020-05-14
"2020-05-15",134.529999,138.869995,134.199997,138.690002,10113700,132.841782,2020-05-15
"2020-05-18",143.160004,149.720001,142.509995,149.270004,6017100,142.975632,2020-05-18
"2020-05-19",148.5,151.649994,147.369995,148.380005,4059900,142.123169,2020-05-19
"2020-05-20",149.869995,151.429993,148.830002,149.679993,3428800,143.368332,2020-05-20
"2020-05-21",147.740005,148.639999,145.339996,145.809998,2789100,141.046738,2020-05-21
"2020-05-22",145.740005,146.639999,144.600006,146.440002,2661400,141.656158,2020-05-22
"2020-05-26",150.429993,152.979996,149.199997,152.080002,4616300,147.111908,2020-05-26
"2020-05-27",153.990005,158.160004,153.339996,158.149994,6056300,152.983612,2020-05-27
"2020-05-28",158.710007,159.869995,154.130005,156.820007,6730700,151.697098,2020-05-28
"2020-05-29",155.5,156.869995,153.050003,156.440002,8632200,151.329483,2020-05-29
"2020-06-01",155.949997,157.550003,154.889999,155.580002,2083400,150.497589,2020-06-01
"2020-06-02",156.75,158.600006,156.630005,157.639999,2333800,152.490295,2020-06-02
"2020-06-03",159.350006,161.660004,158.520004,161.210007,3674300,155.94368,2020-06-03
"2020-06-04",159.759995,162.580002,159.179993,162.550003,2880700,157.239883,2020-06-04
"2020-06-05",165,168.350006,165,167.410004,4527200,161.941132,2020-06-05
"2020-06-08",167.100006,169.539993,165.270004,166.869995,2987600,161.418762,2020-06-08
"2020-06-09",165.479996,167.960007,164.080002,166.699997,3161600,161.254318,2020-06-09
"2020-06-10",166.899994,167.339996,163.809998,163.899994,2551300,158.545776,2020-06-10
"2020-06-11",160.059998,160.25,152.309998,152.380005,5016600,147.402115,2020-06-11
"2020-06-12",156.279999,157.419998,151.729996,154.869995,2998800,149.810776,2020-06-12
"2020-06-15",150.880005,159.619995,150.490005,157.729996,4093800,152.577347,2020-06-15
"2020-06-16",162.850006,163.380005,156.889999,159.669998,3386700,154.453979,2020-06-16
"2020-06-17",160.199997,160.869995,158.970001,159.220001,1714600,154.018661,2020-06-17
"2020-06-18",158.070007,159.830002,157.589996,159.210007,1806100,154.008987,2020-06-18
"2020-06-19",161.350006,162.089996,156.470001,158.149994,6405200,152.983612,2020-06-19
"2020-06-22",157,157.419998,155.479996,156.690002,2020900,151.57132,2020-06-22
"2020-06-23",157.960007,158.669998,156.240005,157.839996,2301800,152.683731,2020-06-23
"2020-06-24",156.289993,156.729996,151.710007,152.220001,3042800,147.247345,2020-06-24
"2020-06-25",152.050003,155.050003,150.100006,154.669998,2060700,149.61731,2020-06-25
"2020-06-26",154.600006,154.779999,151.529999,152.520004,2826400,147.537537,2020-06-26
"2020-06-29",153.899994,156.509995,153.479996,155.570007,2145100,150.487915,2020-06-29
"2020-06-30",154.910004,156.710007,154.050003,155.990005,2941600,150.89418,2020-06-30
"2020-07-01",156.339996,157.800003,155.309998,155.429993,1625600,150.352463,2020-07-01
"2020-07-02",157.619995,158.880005,156.460007,157.039993,1982800,151.909882,2020-07-02
"2020-07-06",158.869995,159.960007,157.050003,158.100006,2099500,152.935257,2020-07-06
"2020-07-07",156.080002,157.100006,154.690002,154.820007,1571700,149.762421,2020-07-07
"2020-07-08",155.070007,155.600006,153.869995,154.580002,1662000,149.530258,2020-07-08
"2020-07-09",153.919998,154.720001,151.039993,151.449997,2190000,146.502487,2020-07-09
"2020-07-10",151.690002,153.25,150.990005,152.850006,1954500,147.856766,2020-07-10
"2020-07-13",154.350006,156.929993,154.160004,154.800003,2217800,149.743057,2020-07-13
"2020-07-14",154.800003,159.229996,153.919998,158.539993,3198900,153.36087,2020-07-14
"2020-07-15",159.979996,161.380005,159.25,159.330002,3472300,154.125076,2020-07-15
"2020-07-16",159.25,160.910004,158.039993,160.5,1801500,155.256851,2020-07-16
"2020-07-17",160.860001,161.559998,159.509995,159.830002,2551700,154.608749,2020-07-17
"2020-07-20",158.850006,158.869995,156.369995,156.369995,1790100,151.26178,2020-07-20
"2020-07-21",157,159.630005,156.990005,157.800003,2757200,152.645065,2020-07-21
"2020-07-22",157.429993,159.929993,157.020004,158.710007,1899600,153.52533,2020-07-22
"2020-07-23",159,159.649994,158.360001,159.289993,2695100,154.08638,2020-07-23
"2020-07-24",160.050003,161.600006,158.720001,159.839996,2524700,154.618408,2020-07-24
"2020-07-27",159.529999,163.380005,159.330002,163.240005,3198500,157.907349,2020-07-27
"2020-07-28",155.470001,157.479996,153.800003,155.330002,7738800,150.255753,2020-07-28
"2020-07-29",156.5,157.529999,154.919998,156.25,3322700,151.145691,2020-07-29
"2020-07-30",154.309998,154.720001,151.360001,152.119995,3113000,147.150589,2020-07-30
"2020-07-31",151.679993,151.75,148.800003,150.470001,3266400,145.554504,2020-07-31
"2020-08-03",151.089996,151.419998,149.309998,150.410004,2264900,145.49649,2020-08-03
"2020-08-04",149.899994,151.240005,149.660004,151.210007,1935500,146.270355,2020-08-04
"2020-08-05",152.160004,155.399994,152.100006,155.350006,2644400,150.275101,2020-08-05
"2020-08-06",155.929993,156.490005,154.679993,156,2885800,150.90387,2020-08-06
"2020-08-07",155.990005,158.419998,155.070007,158.330002,2184300,153.157745,2020-08-07
"2020-08-10",158.550003,161.600006,158.550003,161.440002,2272800,156.166153,2020-08-10
"2020-08-11",164.130005,166.639999,163.039993,163.380005,3764500,158.042786,2020-08-11
"2020-08-12",165,165.949997,163.350006,164.259995,2079200,158.894012,2020-08-12
"2020-08-13",165.520004,167.490005,164.75,165.860001,2884000,160.441757,2020-08-13
"2020-08-14",164.610001,166.300003,164.520004,166.100006,1607300,160.673935,2020-08-14
"2020-08-17",165.169998,166.369995,163.649994,164.710007,2068100,159.32933,2020-08-17
"2020-08-18",164.429993,165.440002,163.759995,164.380005,1519100,159.010101,2020-08-18
"2020-08-19",164.940002,165.690002,163.779999,163.970001,2012800,158.61351,2020-08-19
"2020-08-20",163.020004,163.660004,162.380005,162.970001,1990300,157.646179,2020-08-20
"2020-08-21",160.929993,162.690002,160.740005,161.710007,2005600,157.851166,2020-08-21
"2020-08-24",161.550003,163.949997,161.149994,163.529999,2604400,159.627731,2020-08-24
"2020-08-25",164.860001,165.25,162.419998,163.100006,1938500,159.208008,2020-08-25
"2020-08-26",162.869995,164.770004,161.690002,163.899994,2503400,159.988892,2020-08-26
"2020-08-27",164.5,165.360001,163.179993,164.080002,2325900,160.164612,2020-08-27
"2020-08-28",164.639999,166.169998,163.919998,165.660004,3046300,161.706909,2020-08-28
"2020-08-31",165.160004,165.75,162.089996,163.020004,2881100,159.129913,2020-08-31
"2020-09-01",162.169998,165.550003,161.639999,164.800003,2901100,160.867416,2020-09-01
"2020-09-02",165.160004,170,165.139999,169.509995,3943700,165.465027,2020-09-02
"2020-09-03",170,170.419998,164.990005,166.309998,3481300,162.341385,2020-09-03
"2020-09-04",168.179993,169.110001,163.899994,165.770004,3267000,161.814285,2020-09-04
"2020-09-08",165.580002,165.630005,161.880005,163.169998,2863900,159.276337,2020-09-08
"2020-09-09",164,167.339996,164,165.699997,2721700,161.745956,2020-09-09
"2020-09-10",166.240005,166.669998,162.75,163.149994,2054200,159.25679,2020-09-10
"2020-09-11",163.440002,166.699997,163.059998,166.169998,1698500,162.204727,2020-09-11
"2020-09-14",167.660004,169.429993,166.429993,168.460007,2264200,164.440094,2020-09-14
"2020-09-15",169.869995,169.929993,166.169998,166.570007,2056300,162.5952,2020-09-15
"2020-09-16",167.869995,171.100006,167.509995,169.509995,2931700,165.465027,2020-09-16
"2020-09-17",168,173.199997,167.190002,172.380005,2756100,168.266556,2020-09-17
"2020-09-18",172.059998,172.779999,169.470001,169.550003,4084500,165.504074,2020-09-18
"2020-09-21",165.979996,166.669998,159.639999,161.360001,3911700,157.509521,2020-09-21
"2020-09-22",161.059998,163.669998,160.419998,162.339996,2103800,158.466125,2020-09-22
"2020-09-23",162.520004,164.240005,159.119995,159.509995,2248200,155.703659,2020-09-23
"2020-09-24",159.399994,161.960007,158.070007,160.419998,1569700,156.591934,2020-09-24
"2020-09-25",159.309998,160.979996,158.860001,160.270004,1948900,156.445526,2020-09-25
"2020-09-28",162,164.139999,161.330002,161.660004,2098500,157.802353,2020-09-28
"2020-09-29",161.669998,161.949997,158.779999,159.809998,2006700,155.99649,2020-09-29
"2020-09-30",160.929993,163.100006,158.610001,160.179993,3056900,156.357666,2020-09-30
"2020-10-01",160.669998,161.899994,157.720001,158.789993,1989100,155.000839,2020-10-01
"2020-10-02",156.470001,161.940002,156.25,160.360001,1768600,156.533371,2020-10-02
"2020-10-05",162.25,163.5,161.759995,162.75,1457000,158.866348,2020-10-05
"2020-10-06",163.440002,165.699997,161.830002,162.229996,2021900,158.358749,2020-10-06
"2020-10-07",165.100006,167.75,164.410004,166.490005,2155400,162.51712,2020-10-07
"2020-10-08",167.300003,168.149994,166.130005,167.710007,1902600,163.707993,2020-10-08
"2020-10-09",168.880005,170.479996,167.949997,169.300003,2015500,165.26004,2020-10-09
"2020-10-12",169.470001,170.610001,168.119995,168.649994,1533600,164.625565,2020-10-12
"2020-10-13",168.300003,169.449997,166,166.630005,1575300,162.653763,2020-10-13
"2020-10-14",167.009995,169.539993,166.789993,168.399994,1435300,164.381516,2020-10-14
"2020-10-15",166.050003,169.679993,165.800003,169.080002,1638100,165.045288,2020-10-15
"2020-10-16",169.940002,172.070007,169.220001,170.970001,2478600,166.890198,2020-10-16
"2020-10-19",171.020004,172.350006,168.869995,169.550003,1909900,165.504074,2020-10-19
"2020-10-20",170.5,173.190002,169.990005,170.949997,1813000,166.870667,2020-10-20
"2020-10-21",170.339996,172.110001,169.070007,169.169998,1511100,165.133148,2020-10-21
"2020-10-22",169.639999,170.990005,168.389999,170.710007,1663200,166.636414,2020-10-22
"2020-10-23",171.919998,172.179993,169.020004,169.800003,2137500,165.748123,2020-10-23
"2020-10-26",167.679993,168.089996,164.389999,166.160004,3338800,162.194977,2020-10-26
"2020-10-27",164.5,164.979996,160.649994,161.029999,3894400,157.187378,2020-10-27
"2020-10-28",159.809998,162.850006,158.119995,158.529999,3065100,154.747055,2020-10-28
"2020-10-29",158.110001,160.179993,156.130005,158.479996,2680900,154.698242,2020-10-29
"2020-10-30",158.330002,159.960007,157,159.960007,2234500,156.142929,2020-10-30
"2020-11-02",162.190002,163.419998,160.929993,162.940002,2116600,159.051819,2020-11-02
"2020-11-03",164.860001,166.830002,163.740005,165.509995,1896900,161.560471,2020-11-03
"2020-11-04",162.75,165.300003,159.899994,160.160004,3140900,156.338135,2020-11-04
"2020-11-05",162.160004,164.410004,162.020004,163.199997,2178500,159.305603,2020-11-05
"2020-11-06",163.660004,164.300003,161.570007,163.020004,1685000,159.129913,2020-11-06
"2020-11-09",174.130005,175.429993,163.149994,163.429993,4418100,159.530106,2020-11-09
"2020-11-10",165.190002,169.270004,163.860001,169.139999,3500400,165.103867,2020-11-10
"2020-11-11",170.729996,170.740005,167.600006,169.210007,2884400,165.172211,2020-11-11
"2020-11-12",168.149994,169.190002,165.580002,167.050003,2216700,163.063736,2020-11-12
"2020-11-13",167.919998,170.259995,167.279999,169.789993,1812100,165.738358,2020-11-13
"2020-11-16",172.619995,173.889999,170.179993,173.860001,2434300,169.711227,2020-11-16
"2020-11-17",173.039993,174.5,170.860001,173.639999,2589900,169.496475,2020-11-17
"2020-11-18",174.5,174.699997,171.330002,171.399994,2615800,167.309921,2020-11-18
"2020-11-19",170.570007,171.880005,169.300003,171.610001,2986000,168.964035,2020-11-19
"2020-11-20",171.5,172.949997,170.960007,172.889999,2656900,170.224289,2020-11-20
"2020-11-23",173.759995,174.860001,173.449997,174.139999,2064300,171.455032,2020-11-23
"2020-11-24",175,177.220001,174.899994,177.080002,3086000,174.349686,2020-11-24
"2020-11-25",176.839996,177.339996,175.449997,177.119995,2052200,174.389069,2020-11-25
"2020-11-27",177.820007,179.630005,175.570007,176.889999,1267100,174.162613,2020-11-27
"2020-11-30",175.770004,176,172.699997,172.729996,6141300,170.066757,2020-11-30
"2020-12-01",174.220001,175.690002,170.009995,170.520004,3859600,167.890839,2020-12-01
"2020-12-02",170.259995,172.580002,170.220001,171.850006,2421800,169.200333,2020-12-02
"2020-12-03",171.039993,173.389999,171.039993,171.830002,2377800,169.180649,2020-12-03
"2020-12-04",172.130005,173.160004,171.539993,172.460007,2663600,169.800934,2020-12-04
"2020-12-07",171.720001,172.5,169.179993,170.149994,2526800,167.526535,2020-12-07
"2020-12-08",169.740005,172.830002,169.699997,172.460007,1730800,169.800934,2020-12-08
"2020-12-09",172.669998,175.639999,171.929993,175.289993,2790900,172.58728,2020-12-09
"2020-12-10",174.869995,175.399994,172.690002,173.490005,2228800,170.815048,2020-12-10
"2020-12-11",172.300003,174.649994,172.169998,174.020004,1875700,171.336868,2020-12-11
"2020-12-14",175.669998,176.199997,172.990005,173.080002,3700100,170.411362,2020-12-14
"2020-12-15",174.389999,175.059998,172.550003,174.679993,2270600,171.986679,2020-12-15
"2020-12-16",174.610001,175.850006,174.350006,175.410004,1949900,172.705444,2020-12-16
"2020-12-17",176,177.460007,175.389999,176.649994,2327800,173.926315,2020-12-17
"2020-12-18",176.759995,177.460007,175.110001,176.419998,4682000,173.69986,2020-12-18
"2020-12-21",173.610001,176.130005,173.029999,175.660004,1704600,172.951584,2020-12-21
"2020-12-22",175.050003,175.929993,174.179993,174.779999,1381200,172.085144,2020-12-22
"2020-12-23",175.300003,175.809998,173.960007,173.990005,1762600,171.307343,2020-12-23
"2020-12-24",174.419998,174.789993,173.419998,174.520004,656200,171.829178,2020-12-24
"2020-12-28",175.309998,176.399994,174.389999,174.710007,1403000,172.016251,2020-12-28
"2020-12-29",175.550003,175.639999,173.149994,173.850006,1218900,171.16951,2020-12-29
"2020-12-30",173.880005,174.919998,173.380005,174.110001,1419100,171.425491,2020-12-30
"2020-12-31",174.119995,174.869995,173.179993,174.789993,1841300,172.095001,2020-12-31
"2021-01-04",175,176.199997,170.550003,171.869995,2996200,169.220032,2021-01-04
"2021-01-05",172.009995,173.25,170.649994,171.580002,2295300,168.934494,2021-01-05
"2021-01-06",172.720001,175.570007,172.039993,174.190002,3346400,171.504257,2021-01-06
"2021-01-07",171.559998,173.460007,166.160004,169.720001,5863400,167.10318,2021-01-07
"2021-01-08",169.169998,169.539993,164.610001,166.619995,4808100,164.050964,2021-01-08
"2021-01-11",166.100006,167.139999,165,165.199997,2736600,162.652863,2021-01-11
"2021-01-12",165.899994,167.179993,164.080002,166.509995,2949100,163.942673,2021-01-12
"2021-01-13",167.270004,167.740005,166.050003,166.279999,2098000,163.716217,2021-01-13
"2021-01-14",167.270004,167.360001,165.229996,166.410004,2895400,163.844223,2021-01-14
"2021-01-15",165.630005,166.259995,163.380005,165.550003,3550700,162.997467,2021-01-15
"2021-01-19",167.259995,169.550003,166.800003,169.119995,3903200,166.512421,2021-01-19
"2021-01-20",169.039993,170.580002,168.429993,170.220001,2672300,167.595474,2021-01-20
"2021-01-21",170.220001,171.490005,169.389999,170.669998,2688200,168.038528,2021-01-21
"2021-01-22",170.199997,170.199997,167.240005,169.039993,2349300,166.43364,2021-01-22
"2021-01-25",168.880005,172.490005,168.229996,170.389999,3353100,167.762848,2021-01-25
"2021-01-26",173.779999,176.839996,172.080002,175.949997,5148900,173.237106,2021-01-26
"2021-01-27",177.309998,187.270004,177.160004,186.649994,8097000,183.772141,2021-01-27
"2021-01-28",185,186.580002,182.580002,183.419998,4153700,180.591934,2021-01-28
"2021-01-29",182.289993,182.979996,174.869995,175.660004,4217200,172.951584,2021-01-29
"2021-02-01",175.970001,177.110001,173.970001,174.699997,2569700,172.006393,2021-02-01
"2021-02-02",176.25,177.529999,174.850006,175.020004,2844400,172.321472,2021-02-02
"2021-02-03",175.380005,177.440002,173.550003,175.479996,2874200,172.774353,2021-02-03
"2021-02-04",175.789993,177.289993,175.509995,177.100006,1833000,174.3694,2021-02-04
"2021-02-05",177.600006,179.229996,176.699997,179.009995,1822400,176.249924,2021-02-05
"2021-02-08",179.300003,180.869995,179.169998,180.759995,2355100,177.972961,2021-02-08
"2021-02-09",181.220001,181.899994,180.179993,180.940002,1942800,178.150177,2021-02-09
"2021-02-10",181.880005,182.380005,180.639999,181.080002,1929000,178.28801,2021-02-10
"2021-02-11",179.350006,179.880005,175.839996,177.210007,2188400,175.915482,2021-02-11
"2021-02-12",177.270004,178.839996,177.210007,178.699997,1081500,177.394592,2021-02-12
"2021-02-16",179,179.690002,176.320007,176.630005,1834000,175.339722,2021-02-16
"2021-02-17",176.050003,177.300003,175.139999,176.649994,1578100,175.359558,2021-02-17
"2021-02-18",177.25,179.669998,176.149994,179.369995,2087100,178.059692,2021-02-18
"2021-02-19",179.570007,180.770004,176.199997,176.539993,2986800,175.250366,2021-02-19
"2021-02-22",176.460007,177.089996,175.009995,176.119995,2271500,174.833435,2021-02-22
"2021-02-23",177.539993,177.539993,174.710007,176.169998,2352300,174.883072,2021-02-23
"2021-02-24",176,177.979996,173.759995,177.630005,2742600,176.332413,2021-02-24
"2021-02-25",177.520004,180.75,177.429993,178.759995,2634300,177.454147,2021-02-25
"2021-02-26",179.440002,179.449997,174.610001,175.059998,3363300,173.781174,2021-02-26
"2021-03-01",175.699997,177.5,175.699997,176.410004,1840000,175.121323,2021-03-01
"2021-03-02",177,177.789993,174.789993,177.110001,2272400,175.816208,2021-03-02
"2021-03-03",177.429993,180.020004,176.800003,178.059998,2267800,176.759262,2021-03-03
"2021-03-04",179.289993,180.179993,174.070007,177.630005,3535700,176.332413,2021-03-04
"2021-03-05",178.449997,181.559998,176.949997,180.800003,2262800,179.479248,2021-03-05
"2021-03-08",180.990005,185.699997,180.929993,183.770004,2574900,182.427567,2021-03-08
"2021-03-09",183.5,184.149994,181.020004,181.179993,2842100,179.856461,2021-03-09
"2021-03-10",182.369995,185.380005,181.410004,184.509995,2370700,183.16214,2021-03-10
"2021-03-11",183.130005,185.070007,182.100006,184.570007,2377300,183.221725,2021-03-11
"2021-03-12",185.610001,186.210007,184.270004,184.919998,2691600,183.569153,2021-03-12
"2021-03-15",186.029999,189.630005,185.710007,189.479996,3300000,188.09584,2021-03-15
"2021-03-16",188,188.460007,185.979996,186.850006,2264000,185.485062,2021-03-16
"2021-03-17",187.330002,189.990005,187.050003,188.300003,2585100,186.924469,2021-03-17
"2021-03-18",188.600006,192.089996,188.600006,191,3050500,189.604736,2021-03-18
"2021-03-19",190.600006,191,188.690002,188.710007,6678900,187.331482,2021-03-19
"2021-03-22",188.259995,189.759995,187.009995,189.470001,2605300,188.085922,2021-03-22
"2021-03-23",188.770004,191.710007,187.899994,188.330002,2768700,186.954239,2021-03-23
"2021-03-24",188.429993,192.740005,188.080002,190.690002,2829200,189.297012,2021-03-24
"2021-03-25",191.639999,193.360001,190.169998,193.100006,2221000,191.689407,2021-03-25
"2021-03-26",193.009995,194.949997,192.210007,194.880005,2677600,193.456406,2021-03-26
"2021-03-29",193.619995,196.720001,193.509995,195.740005,2601800,194.31012,2021-03-29
"2021-03-30",194.979996,196.630005,193.880005,194.639999,1876700,193.218155,2021-03-30
"2021-03-31",193.940002,194.429993,192.050003,192.679993,2426900,191.272461,2021-03-31
"2021-04-01",193.25,193.919998,190.839996,192.699997,1902100,191.292313,2021-04-01
"2021-04-05",193.889999,195.949997,193.710007,194.970001,1963000,193.545746,2021-04-05
"2021-04-06",195,195.610001,193.990005,194.839996,1472700,193.416687,2021-04-06
"2021-04-07",194.160004,195.350006,193.919998,194.949997,1501500,193.525879,2021-04-07
"2021-04-08",194.419998,196.669998,194.029999,195.720001,2391800,194.290268,2021-04-08
"2021-04-09",196.059998,198.960007,196.059998,198,2159600,196.553604,2021-04-09
"2021-04-12",198.199997,199.289993,197.059998,197.830002,1682100,196.384842,2021-04-12
"2021-04-13",196.009995,197.330002,195.369995,196.470001,2259700,195.03479,2021-04-13
"2021-04-14",195.550003,197.389999,195.020004,196.75,1575000,195.312729,2021-04-14
"2021-04-15",197.279999,197.809998,195.910004,197.479996,1461600,196.037399,2021-04-15
"2021-04-16",198.720001,199.669998,197.979996,198.580002,2769500,197.129364,2021-04-16
"2021-04-19",198.110001,198.690002,196.669998,198.589996,2200500,197.139297,2021-04-19
"2021-04-20",198.940002,199.350006,197.440002,198.300003,1653100,196.85141,2021-04-20
"2021-04-21",198.300003,201.5,198.119995,200.880005,2649000,199.412567,2021-04-21
"2021-04-22",200.669998,202.169998,200.179993,200.899994,2215800,199.432419,2021-04-22
"2021-04-23",201,203.160004,200.990005,202.199997,1864100,200.722916,2021-04-23
"2021-04-26",202.979996,202.990005,199.580002,199.630005,2578900,198.171707,2021-04-26
"2021-04-27",191.509995,195.860001,188.630005,194.449997,5225000,193.029541,2021-04-27
"2021-04-28",195,197.309998,194.809998,195.929993,2516900,194.498718,2021-04-28
"2021-04-29",196.809998,199.410004,196.270004,199.050003,1887000,197.595932,2021-04-29
"2021-04-30",197.660004,198.990005,196.130005,197.139999,2507100,195.69989,2021-04-30
"2021-05-03",197.990005,199.470001,196.660004,198.610001,1779800,197.159149,2021-05-03
"2021-05-04",198.490005,199.559998,197.539993,199.380005,1879000,197.923523,2021-05-04
"2021-05-05",200,201.720001,199.160004,201.440002,1397300,199.968475,2021-05-05
"2021-05-06",201.279999,202.509995,200.460007,202.410004,1840600,200.931396,2021-05-06
"2021-05-07",202.309998,203.869995,201.240005,203.070007,1843600,201.586578,2021-05-07
"2021-05-10",205,208.949997,204.059998,207.330002,3212700,205.815445,2021-05-10
"2021-05-11",206.600006,206.910004,202.399994,203.720001,2552500,202.231827,2021-05-11
"2021-05-12",203.589996,203.699997,198.770004,198.869995,2230600,197.417252,2021-05-12
"2021-05-13",198.639999,204.039993,198.389999,203.410004,1684300,201.924088,2021-05-13
"2021-05-14",204,205.119995,203.009995,204.380005,1475400,202.887009,2021-05-14
"2021-05-17",204.600006,205.350006,203.690002,205.110001,1532700,203.611664,2021-05-17
"2021-05-18",204.990005,205.179993,202.809998,203.029999,1771800,201.54686,2021-05-18
"2021-05-19",201.910004,202.699997,199.330002,202.600006,2220200,201.12001,2021-05-19
"2021-05-20",201.089996,202.190002,200.5,201.649994,1412500,201.649994,2021-05-20
"2021-05-21",201.710007,203.759995,201.080002,201.860001,1537200,201.860001,2021-05-21
"2021-05-24",202.800003,203.520004,201.919998,202.610001,1529200,202.610001,2021-05-24
"2021-05-25",202.850006,203,201.369995,201.710007,1519400,201.710007,2021-05-25
"2021-05-26",201.199997,201.789993,200.300003,201.580002,1847300,201.580002,2021-05-26
"2021-05-27",203,203.979996,202.619995,203.240005,2457600,203.240005,2021-05-27
"2021-05-28",203.880005,204.389999,202.800003,203.039993,1741200,203.039993,2021-05-28
"2021-06-01",204.979996,205.089996,202.550003,203.199997,1567300,203.199997,2021-06-01
"2021-06-02",203.729996,203.970001,202.360001,203.289993,1877400,203.289993,2021-06-02
"2021-06-03",202.5,204.669998,201.809998,203.669998,1902100,203.669998,2021-06-03
"2021-06-04",204.110001,206.119995,203.770004,206.050003,1868600,206.050003,2021-06-04
"2021-06-07",206.350006,206.809998,203.309998,203.729996,1531100,203.729996,2021-06-07
"2021-06-08",202,204.039993,201.139999,203.589996,1701400,203.589996,2021-06-08
"2021-06-09",203.559998,203.570007,201.940002,202.740005,1707600,202.740005,2021-06-09
"2021-06-10",204.149994,204.970001,202.779999,203.130005,1953100,203.130005,2021-06-10
