"","MSFT.Open","MSFT.High","MSFT.Low","MSFT.Close","MSFT.Volume","MSFT.Adjusted","date"
"2019-01-02",99.550003,101.75,98.940002,101.120003,35329300,98.148849,2019-01-02
"2019-01-03",100.099998,100.190002,97.199997,97.400002,42579100,94.538162,2019-01-03
"2019-01-04",99.720001,102.510002,98.93,101.93,44060600,98.935059,2019-01-04
"2019-01-07",101.639999,103.269997,100.980003,102.059998,35656100,99.061226,2019-01-07
"2019-01-08",103.040001,103.970001,101.709999,102.800003,31514400,99.77951,2019-01-08
"2019-01-09",103.860001,104.879997,103.239998,104.269997,32280800,101.206299,2019-01-09
"2019-01-10",103.220001,103.75,102.379997,103.599998,30067600,100.556,2019-01-10
"2019-01-11",103.190002,103.440002,101.639999,102.800003,28314200,99.77951,2019-01-11
"2019-01-14",101.900002,102.870003,101.260002,102.050003,28437100,99.051529,2019-01-14
"2019-01-15",102.510002,105.050003,101.879997,105.010002,31587600,101.924561,2019-01-15
"2019-01-16",105.260002,106.260002,104.959999,105.379997,29853900,102.283684,2019-01-16
"2019-01-17",105,106.629997,104.760002,106.120003,28393000,103.001953,2019-01-17
"2019-01-18",107.459999,107.900002,105.910004,107.709999,37427600,104.545227,2019-01-18
"2019-01-22",106.75,107.099998,104.860001,105.68,32371300,102.574875,2019-01-22
"2019-01-23",106.120003,107.040001,105.339996,106.709999,25874300,103.574608,2019-01-23
"2019-01-24",106.860001,107,105.339996,106.199997,23164800,103.07959,2019-01-24
"2019-01-25",107.239998,107.879997,106.199997,107.169998,31225600,104.021095,2019-01-25
"2019-01-28",106.260002,106.480003,104.660004,105.080002,29476700,101.992508,2019-01-28
"2019-01-29",104.879997,104.970001,102.169998,102.940002,31490500,99.915382,2019-01-29
"2019-01-30",104.620003,106.379997,104.330002,106.379997,49471900,103.254318,2019-01-30
"2019-01-31",103.800003,105.220001,103.18,104.43,55636400,101.361595,2019-01-31
"2019-02-01",103.779999,104.099998,102.349998,102.779999,35535700,99.760094,2019-02-01
"2019-02-04",102.870003,105.800003,102.769997,105.739998,31315100,102.63311,2019-02-04
"2019-02-05",106.059998,107.269997,105.959999,107.220001,27325400,104.069618,2019-02-05
"2019-02-06",107,107,105.529999,106.029999,20609800,102.914597,2019-02-06
"2019-02-07",105.190002,105.589996,104.290001,105.269997,29760700,102.176918,2019-02-07
"2019-02-08",104.389999,105.779999,104.260002,105.669998,21461100,102.56517,2019-02-08
"2019-02-11",106.199997,106.580002,104.970001,105.25,18914100,102.157501,2019-02-11
"2019-02-12",106.139999,107.139999,105.480003,106.889999,25056600,103.749321,2019-02-12
"2019-02-13",107.5,107.779999,106.709999,106.809998,18394900,103.671661,2019-02-13
"2019-02-14",106.309998,107.290001,105.660004,106.900002,21784700,103.759018,2019-02-14
"2019-02-15",107.910004,108.300003,107.360001,108.220001,26606900,105.040253,2019-02-15
"2019-02-19",107.790001,108.660004,107.779999,108.169998,18038500,104.991707,2019-02-19
"2019-02-20",107.860001,107.940002,106.290001,107.150002,21607700,104.445847,2019-02-20
"2019-02-21",106.900002,109.480003,106.870003,109.410004,29063200,106.648819,2019-02-21
"2019-02-22",110.050003,111.199997,109.82,110.970001,27763200,108.169426,2019-02-22
"2019-02-25",111.760002,112.18,111.260002,111.589996,23750600,108.773781,2019-02-25
"2019-02-26",111.260002,113.239998,111.169998,112.360001,21536700,109.524368,2019-02-26
"2019-02-27",111.690002,112.360001,110.879997,112.169998,21487100,109.339157,2019-02-27
"2019-02-28",112.040001,112.879997,111.730003,112.029999,29083900,109.202682,2019-02-28
"2019-03-01",112.889999,113.019997,111.669998,112.529999,23501200,109.690079,2019-03-01
"2019-03-04",113.019997,113.25,110.800003,112.260002,26608000,109.426872,2019-03-04
"2019-03-05",112.25,112.389999,111.230003,111.699997,19538300,108.880997,2019-03-05
"2019-03-06",111.870003,112.660004,111.43,111.75,17687000,108.929749,2019-03-06
"2019-03-07",111.400002,111.550003,109.870003,110.389999,25339000,107.604065,2019-03-07
"2019-03-08",109.160004,110.709999,108.800003,110.510002,22818400,107.721046,2019-03-08
"2019-03-11",110.989998,112.949997,110.980003,112.830002,26491600,109.982498,2019-03-11
"2019-03-12",112.82,113.989998,112.650002,113.620003,26132700,110.752556,2019-03-12
"2019-03-13",114.129997,115,113.779999,114.5,35513800,111.610352,2019-03-13
"2019-03-14",114.540001,115.199997,114.330002,114.589996,30763400,111.698067,2019-03-14
"2019-03-15",115.339996,117.25,114.589996,115.910004,54681100,112.984764,2019-03-15
"2019-03-18",116.169998,117.610001,116.050003,117.57,31207600,114.602867,2019-03-18
"2019-03-19",118.089996,118.440002,116.989998,117.650002,37588700,114.680855,2019-03-19
"2019-03-20",117.389999,118.75,116.709999,117.519997,28113300,114.554131,2019-03-20
"2019-03-21",117.139999,120.82,117.089996,120.220001,29854400,117.186012,2019-03-21
"2019-03-22",119.5,119.589996,117.040001,117.050003,33624500,114.095993,2019-03-22
"2019-03-25",116.559998,118.010002,116.32,117.660004,27067100,114.690613,2019-03-25
"2019-03-26",118.620003,118.709999,116.849998,117.910004,26097700,114.934296,2019-03-26
"2019-03-27",117.879997,118.209999,115.519997,116.769997,22733400,113.823051,2019-03-27
"2019-03-28",117.440002,117.580002,116.129997,116.93,18334800,113.979027,2019-03-28
"2019-03-29",118.07,118.32,116.959999,117.940002,25399800,114.963547,2019-03-29
"2019-04-01",118.949997,119.110001,118.099998,119.019997,22789100,116.016281,2019-04-01
"2019-04-02",119.059998,119.480003,118.519997,119.190002,18142300,116.181984,2019-04-02
"2019-04-03",119.860001,120.43,119.150002,119.970001,22860700,116.942307,2019-04-03
"2019-04-04",120.099998,120.230003,118.379997,119.360001,20112800,116.347702,2019-04-04
"2019-04-05",119.389999,120.230003,119.370003,119.889999,15826200,116.864326,2019-04-05
"2019-04-08",119.809998,120.019997,118.639999,119.93,15116200,116.903313,2019-04-08
"2019-04-09",118.629997,119.540001,118.580002,119.279999,17612000,116.269699,2019-04-09
"2019-04-10",119.760002,120.349998,119.540001,120.190002,16477200,117.156754,2019-04-10
"2019-04-11",120.540001,120.849998,119.919998,120.330002,14209100,117.293213,2019-04-11
"2019-04-12",120.639999,120.980003,120.370003,120.949997,19745100,117.89756,2019-04-12
"2019-04-15",120.940002,121.580002,120.57,121.050003,15792600,117.995049,2019-04-15
"2019-04-16",121.639999,121.650002,120.099998,120.769997,14071800,117.722115,2019-04-16
"2019-04-17",121.239998,121.849998,120.540001,121.769997,19300900,118.696884,2019-04-17
"2019-04-18",122.190002,123.519997,121.300003,123.370003,27991000,120.256508,2019-04-18
"2019-04-22",122.620003,124,122.57,123.760002,15648700,120.636658,2019-04-22
"2019-04-23",124.099998,125.580002,123.830002,125.440002,24025500,122.274261,2019-04-23
"2019-04-24",125.790001,125.849998,124.519997,125.010002,31257000,121.855118,2019-04-24
"2019-04-25",130.059998,131.369995,128.830002,129.149994,38033900,125.890625,2019-04-25
"2019-04-26",129.699997,130.520004,129.020004,129.889999,23654900,126.611938,2019-04-26
"2019-04-29",129.899994,130.179993,129.350006,129.770004,16324200,126.49498,2019-04-29
"2019-04-30",129.809998,130.699997,129.389999,130.600006,24166500,127.304047,2019-04-30
"2019-05-01",130.529999,130.649994,127.699997,127.879997,26821700,124.652679,2019-05-01
"2019-05-02",127.980003,128,125.519997,126.209999,27350200,123.024818,2019-05-02
"2019-05-03",127.360001,129.429993,127.25,128.899994,24911100,125.646935,2019-05-03
"2019-05-06",126.389999,128.559998,126.110001,128.149994,24239800,124.915855,2019-05-06
"2019-05-07",126.459999,127.18,124.220001,125.519997,36017700,122.352219,2019-05-07
"2019-05-08",125.440002,126.370003,124.75,125.510002,28419000,122.342491,2019-05-08
"2019-05-09",124.290001,125.790001,123.57,125.5,27235800,122.332741,2019-05-09
"2019-05-10",124.910004,127.93,123.82,127.129997,30915100,123.921608,2019-05-10
"2019-05-13",124.110001,125.550003,123.040001,123.349998,33944900,120.237,2019-05-13
"2019-05-14",123.870003,125.879997,123.699997,124.730003,25266300,121.582184,2019-05-14
"2019-05-15",124.260002,126.709999,123.699997,126.019997,24722700,123.294319,2019-05-15
"2019-05-16",126.75,129.380005,126.459999,128.929993,30112200,126.14138,2019-05-16
"2019-05-17",128.309998,130.460007,127.919998,128.070007,25770500,125.299995,2019-05-17
"2019-05-20",126.519997,127.589996,125.760002,126.220001,23706900,123.490005,2019-05-20
"2019-05-21",127.43,127.529999,126.580002,126.900002,15293300,124.155304,2019-05-21
"2019-05-22",126.620003,128.240005,126.519997,127.669998,15396500,124.908638,2019-05-22
"2019-05-23",126.199997,126.290001,124.739998,126.18,23603800,123.450867,2019-05-23
"2019-05-24",126.910004,127.419998,125.970001,126.239998,14123400,123.509567,2019-05-24
"2019-05-28",126.980003,128,126.050003,126.160004,23128400,123.431305,2019-05-28
"2019-05-29",125.379997,125.389999,124.040001,124.940002,22763100,122.237686,2019-05-29
"2019-05-30",125.260002,125.760002,124.779999,125.730003,16829600,123.010597,2019-05-30
"2019-05-31",124.230003,124.620003,123.32,123.68,26646800,121.004944,2019-05-31
"2019-06-03",123.849998,124.370003,119.010002,119.839996,37983600,117.247993,2019-06-03
"2019-06-04",121.279999,123.279999,120.650002,123.160004,29382600,120.496185,2019-06-04
"2019-06-05",124.949997,125.870003,124.209999,125.830002,24926100,123.108437,2019-06-05
"2019-06-06",126.440002,127.970001,125.599998,127.82,21459000,125.055389,2019-06-06
"2019-06-07",129.190002,132.25,128.259995,131.399994,33885600,128.557953,2019-06-07
"2019-06-10",132.399994,134.080002,132,132.600006,26477100,129.732025,2019-06-10
"2019-06-11",133.880005,134.240005,131.279999,132.100006,23913700,129.242813,2019-06-11
"2019-06-12",131.399994,131.970001,130.710007,131.490005,17092500,128.646027,2019-06-12
"2019-06-13",131.979996,133,131.559998,132.320007,17200800,129.458069,2019-06-13
"2019-06-14",132.259995,133.789993,131.639999,132.449997,17821700,129.585251,2019-06-14
"2019-06-17",132.630005,133.729996,132.529999,132.850006,14517800,129.976608,2019-06-17
"2019-06-18",134.190002,135.240005,133.570007,135.160004,25934500,132.236633,2019-06-18
"2019-06-19",135,135.929993,133.809998,135.690002,23744400,132.755188,2019-06-19
"2019-06-20",137.449997,137.660004,135.720001,136.949997,33042600,133.987885,2019-06-20
"2019-06-21",136.580002,137.729996,136.460007,136.970001,36727900,134.007477,2019-06-21
"2019-06-24",137,138.399994,137,137.779999,20628800,134.799957,2019-06-24
"2019-06-25",137.25,137.589996,132.729996,133.429993,33327400,130.544037,2019-06-25
"2019-06-26",134.350006,135.740005,133.600006,133.929993,23657700,131.033249,2019-06-26
"2019-06-27",134.139999,134.710007,133.509995,134.149994,16557500,131.248459,2019-06-27
"2019-06-28",134.570007,134.600006,133.160004,133.960007,30043000,131.062592,2019-06-28
"2019-07-01",136.630005,136.699997,134.970001,135.679993,22613500,132.745392,2019-07-01
"2019-07-02",136.119995,136.589996,135.339996,136.580002,15237800,133.6259,2019-07-02
"2019-07-03",136.800003,137.740005,136.289993,137.460007,13629300,134.486893,2019-07-03
"2019-07-05",135.940002,137.330002,135.720001,137.059998,18141100,134.095535,2019-07-05
"2019-07-08",136.399994,137.100006,135.369995,136.960007,16779700,133.997711,2019-07-08
"2019-07-09",136,136.970001,135.800003,136.460007,19953100,133.508514,2019-07-09
"2019-07-10",137.130005,138.580002,137.020004,137.850006,24204400,134.868484,2019-07-10
"2019-07-11",138.199997,139.220001,137.869995,138.399994,22327900,135.40657,2019-07-11
"2019-07-12",138.850006,139.130005,138.009995,138.899994,18936800,135.895737,2019-07-12
"2019-07-15",139.440002,139.539993,138.460007,138.899994,16651500,135.895737,2019-07-15
"2019-07-16",138.960007,139.050003,136.520004,137.080002,22726100,134.115097,2019-07-16
"2019-07-17",137.699997,137.929993,136.220001,136.270004,20211000,133.322647,2019-07-17
"2019-07-18",135.550003,136.619995,134.669998,136.419998,30381800,133.469391,2019-07-18
"2019-07-19",140.220001,140.669998,136.449997,136.619995,48992400,133.665039,2019-07-19
"2019-07-22",137.410004,139.190002,137.330002,138.429993,25074900,135.435883,2019-07-22
"2019-07-23",139.759995,139.990005,138.029999,139.289993,18034600,136.277313,2019-07-23
"2019-07-24",138.899994,140.740005,138.850006,140.720001,20738300,137.676376,2019-07-24
"2019-07-25",140.429993,140.610001,139.320007,140.190002,18356900,137.157837,2019-07-25
"2019-07-26",140.369995,141.679993,140.300003,141.339996,19037600,138.282959,2019-07-26
"2019-07-29",141.5,141.509995,139.369995,141.029999,16605900,137.979691,2019-07-29
"2019-07-30",140.139999,141.220001,139.800003,140.350006,16846500,137.314392,2019-07-30
"2019-07-31",140.330002,140.490005,135.080002,136.270004,38598800,133.322647,2019-07-31
"2019-08-01",137,140.940002,136.929993,138.059998,40557500,135.073898,2019-08-01
"2019-08-02",138.089996,138.320007,135.259995,136.899994,30791600,133.938995,2019-08-02
"2019-08-05",133.300003,133.929993,130.779999,132.210007,42749600,129.350449,2019-08-05
"2019-08-06",133.800003,135.679993,133.210007,134.690002,32696700,131.77681,2019-08-06
"2019-08-07",133.789993,135.649994,131.830002,135.279999,33414500,132.354004,2019-08-07
"2019-08-08",136.600006,138.990005,135.929993,138.889999,27496500,135.885956,2019-08-08
"2019-08-09",138.610001,139.380005,136.460007,137.710007,23466700,134.731506,2019-08-09
"2019-08-12",137.070007,137.860001,135.240005,135.789993,20484300,132.852997,2019-08-12
"2019-08-13",136.050003,138.800003,135,138.600006,25154600,135.602249,2019-08-13
"2019-08-14",136.360001,136.919998,133.669998,133.979996,32527300,131.518661,2019-08-14
"2019-08-15",134.389999,134.580002,132.25,133.679993,28074400,131.224167,2019-08-15
"2019-08-16",134.880005,136.460007,134.720001,136.130005,24449100,133.629166,2019-08-16
"2019-08-19",137.850006,138.550003,136.889999,138.410004,24355700,135.867294,2019-08-19
"2019-08-20",138.210007,138.710007,137.240005,137.259995,21170800,134.738419,2019-08-20
"2019-08-21",138.550003,139.490005,138,138.789993,14970300,136.240295,2019-08-21
"2019-08-22",138.660004,139.199997,136.289993,137.779999,18697000,135.24884,2019-08-22
"2019-08-23",137.190002,138.350006,132.800003,133.389999,38508600,130.939484,2019-08-23
"2019-08-26",134.990005,135.559998,133.899994,135.449997,20312600,132.961655,2019-08-26
"2019-08-27",136.389999,136.720001,134.660004,135.740005,23102100,133.246323,2019-08-27
"2019-08-28",134.880005,135.759995,133.550003,135.559998,17393300,133.069611,2019-08-28
"2019-08-29",137.25,138.440002,136.910004,138.119995,20168700,135.582581,2019-08-29
"2019-08-30",139.149994,139.179993,136.270004,137.860001,23940100,135.327377,2019-08-30
"2019-09-03",136.610001,137.199997,135.699997,136.039993,18869300,133.540802,2019-09-03
"2019-09-04",137.300003,137.690002,136.479996,137.630005,17995900,135.101593,2019-09-04
"2019-09-05",139.110001,140.380005,138.759995,140.050003,26101800,137.477158,2019-09-05
"2019-09-06",140.029999,140.179993,138.199997,139.100006,20824500,136.544586,2019-09-06
"2019-09-09",139.589996,139.75,136.460007,137.520004,25773900,134.993637,2019-09-09
"2019-09-10",136.800003,136.889999,134.509995,136.080002,28903400,133.580078,2019-09-10
"2019-09-11",135.910004,136.270004,135.089996,136.119995,24726100,133.619324,2019-09-11
"2019-09-12",137.850006,138.419998,136.869995,137.520004,27010000,134.993637,2019-09-12
"2019-09-13",137.779999,138.059998,136.570007,137.320007,23363100,134.797302,2019-09-13
"2019-09-16",135.830002,136.699997,135.660004,136.330002,16731400,133.825485,2019-09-16
"2019-09-17",136.960007,137.520004,136.429993,137.389999,17814200,134.865997,2019-09-17
"2019-09-18",137.360001,138.669998,136.529999,138.520004,23982100,135.97525,2019-09-18
"2019-09-19",140.300003,142.369995,140.070007,141.070007,35772100,138.478409,2019-09-19
"2019-09-20",141.009995,141.649994,138.25,139.440002,39167300,136.878342,2019-09-20
"2019-09-23",139.229996,139.630005,138.440002,139.139999,17139300,136.583862,2019-09-23
"2019-09-24",140.360001,140.690002,136.880005,137.380005,29773200,134.856216,2019-09-24
"2019-09-25",137.5,139.960007,136.029999,139.360001,21382000,136.79982,2019-09-25
"2019-09-26",139.440002,140.179993,138.440002,139.539993,17456600,136.976501,2019-09-26
"2019-09-27",140.149994,140.360001,136.649994,137.729996,22477700,135.199753,2019-09-27
"2019-09-30",138.050003,139.220001,137.779999,139.029999,17280900,136.475876,2019-09-30
"2019-10-01",139.660004,140.25,137,137.070007,21466600,134.55191,2019-10-01
"2019-10-02",136.25,136.369995,133.580002,134.649994,30521700,132.176331,2019-10-02
"2019-10-03",134.949997,136.75,133.220001,136.279999,24132900,133.776413,2019-10-03
"2019-10-04",136.75,138.25,136.419998,138.119995,22897700,135.582581,2019-10-04
"2019-10-07",137.139999,138.179993,137.020004,137.119995,15303700,134.600967,2019-10-07
"2019-10-08",137.080002,137.759995,135.619995,135.669998,25550500,133.177612,2019-10-08
"2019-10-09",137.460007,138.699997,136.970001,138.240005,19749900,135.700409,2019-10-09
"2019-10-10",138.490005,139.669998,138.25,139.100006,17654600,136.544586,2019-10-10
"2019-10-11",140.119995,141.029999,139.5,139.679993,25446000,137.113937,2019-10-11
"2019-10-14",139.690002,140.289993,139.520004,139.550003,13304300,136.986313,2019-10-14
"2019-10-15",140.059998,141.789993,139.809998,141.570007,19695700,138.969238,2019-10-15
"2019-10-16",140.789993,140.990005,139.529999,140.410004,20751600,137.830536,2019-10-16
"2019-10-17",140.949997,141.419998,139.020004,139.690002,21460600,137.123764,2019-10-17
"2019-10-18",139.759995,140,136.559998,137.410004,32273500,134.885635,2019-10-18
"2019-10-21",138.449997,138.5,137.009995,138.429993,20078200,135.886902,2019-10-21
"2019-10-22",138.970001,140.009995,136.259995,136.369995,27431000,133.864761,2019-10-22
"2019-10-23",136.880005,137.449997,135.610001,137.240005,29844600,134.718796,2019-10-23
"2019-10-24",139.389999,140.419998,138.669998,139.940002,37029300,137.369171,2019-10-24
"2019-10-25",139.339996,141.139999,139.199997,140.729996,25959700,138.144653,2019-10-25
"2019-10-28",144.399994,145.669998,143.509995,144.190002,35280100,141.541107,2019-10-28
"2019-10-29",144.080002,144.5,142.649994,142.830002,20589500,140.20607,2019-10-29
"2019-10-30",143.520004,145,142.789993,144.610001,18496600,141.9534,2019-10-30
"2019-10-31",144.899994,144.929993,142.990005,143.369995,24605100,140.73613,2019-10-31
"2019-11-01",144.259995,144.419998,142.970001,143.720001,33128400,141.079742,2019-11-01
"2019-11-04",144.830002,145,144.160004,144.550003,16912000,141.894485,2019-11-04
"2019-11-05",144.970001,145.020004,143.910004,144.460007,18250200,141.806152,2019-11-05
"2019-11-06",144.369995,144.520004,143.199997,144.059998,16575800,141.413467,2019-11-06
"2019-11-07",143.839996,144.880005,143.770004,144.259995,17786700,141.609802,2019-11-07
"2019-11-08",143.979996,145.990005,143.759995,145.960007,16732700,143.278595,2019-11-08
"2019-11-11",145.339996,146.419998,144.729996,146.110001,14362600,143.425797,2019-11-11
"2019-11-12",146.279999,147.570007,146.059998,147.070007,18641600,144.368195,2019-11-12
"2019-11-13",146.740005,147.460007,146.279999,147.309998,16919200,144.60379,2019-11-13
"2019-11-14",147.020004,148.410004,147,148.059998,19729800,145.339981,2019-11-14
"2019-11-15",148.929993,149.990005,148.270004,149.970001,23485700,147.214905,2019-11-15
"2019-11-18",150.070007,150.550003,148.979996,150.339996,21534000,147.578125,2019-11-18
"2019-11-19",150.880005,151.330002,150.199997,150.389999,23935700,147.627197,2019-11-19
"2019-11-20",150.309998,150.839996,148.460007,149.619995,25696800,147.371078,2019-11-20
"2019-11-21",149.399994,149.800003,148.5,149.479996,18576100,147.2332,2019-11-21
"2019-11-22",150.070007,150.300003,148.820007,149.589996,15901800,147.341553,2019-11-22
"2019-11-25",150,151.350006,149.919998,151.229996,22420900,148.956894,2019-11-25
"2019-11-26",151.360001,152.419998,151.320007,152.029999,24620100,149.744873,2019-11-26
"2019-11-27",152.330002,152.5,151.520004,152.320007,15184400,150.030518,2019-11-27
"2019-11-29",152.100006,152.300003,151.279999,151.380005,11977300,149.104645,2019-11-29
"2019-12-02",151.809998,151.830002,148.320007,149.550003,27418400,147.302139,2019-12-02
"2019-12-03",147.490005,149.429993,146.649994,149.309998,24066000,147.06575,2019-12-03
"2019-12-04",150.139999,150.179993,149.199997,149.850006,17574700,147.597626,2019-12-04
"2019-12-05",150.050003,150.320007,149.479996,149.929993,17869100,147.676453,2019-12-05
"2019-12-06",150.990005,151.869995,150.270004,151.75,16403500,149.469101,2019-12-06
"2019-12-09",151.070007,152.210007,150.910004,151.360001,16687400,149.084946,2019-12-09
"2019-12-10",151.289993,151.889999,150.759995,151.130005,16476100,148.858414,2019-12-10
"2019-12-11",151.539993,151.869995,150.330002,151.699997,18856600,149.41983,2019-12-11
"2019-12-12",151.649994,153.440002,151.020004,153.240005,24612100,150.936691,2019-12-12
"2019-12-13",153,154.889999,152.830002,154.529999,23845400,152.207291,2019-12-13
"2019-12-16",155.110001,155.899994,154.820007,155.529999,24144200,153.192261,2019-12-16
"2019-12-17",155.449997,155.710007,154.449997,154.690002,25425600,152.364883,2019-12-17
"2019-12-18",154.300003,155.479996,154.179993,154.369995,24129200,152.049698,2019-12-18
"2019-12-19",154,155.770004,153.75,155.710007,24958900,153.369568,2019-12-19
"2019-12-20",157.350006,158.490005,156.289993,157.410004,53477500,155.044037,2019-12-20
"2019-12-23",158.119995,158.119995,157.270004,157.410004,17718200,155.044037,2019-12-23
"2019-12-24",157.479996,157.710007,157.119995,157.380005,8989200,155.01445,2019-12-24
"2019-12-26",157.559998,158.729996,157.399994,158.669998,14520600,156.285065,2019-12-26
"2019-12-27",159.449997,159.550003,158.220001,158.960007,18412800,156.570709,2019-12-27
"2019-12-30",158.990005,159.020004,156.729996,157.589996,16348400,155.221313,2019-12-30
"2019-12-31",156.770004,157.770004,156.449997,157.699997,18369400,155.329636,2019-12-31
"2020-01-02",158.779999,160.729996,158.330002,160.619995,22622100,158.205765,2020-01-02
"2020-01-03",158.320007,159.949997,158.059998,158.619995,21116200,156.235825,2020-01-03
"2020-01-06",157.080002,159.100006,156.509995,159.029999,20813700,156.639694,2020-01-06
"2020-01-07",159.320007,159.669998,157.320007,157.580002,21634100,155.211456,2020-01-07
"2020-01-08",158.929993,160.800003,157.949997,160.089996,27746500,157.683731,2020-01-08
"2020-01-09",161.839996,162.220001,161.029999,162.089996,21385000,159.653641,2020-01-09
"2020-01-10",162.820007,163.220001,161.179993,161.339996,20725900,158.914932,2020-01-10
"2020-01-13",161.759995,163.309998,161.259995,163.279999,21626500,160.825775,2020-01-13
"2020-01-14",163.389999,163.600006,161.720001,162.130005,23477400,159.693054,2020-01-14
"2020-01-15",162.619995,163.940002,162.570007,163.179993,21417900,160.727264,2020-01-15
"2020-01-16",164.350006,166.240005,164.029999,166.169998,23865400,163.672348,2020-01-16
"2020-01-17",167.419998,167.470001,165.429993,167.100006,34371700,164.588379,2020-01-17
"2020-01-21",166.679993,168.190002,166.429993,166.5,29517200,163.997375,2020-01-21
"2020-01-22",167.399994,167.490005,165.679993,165.699997,24138800,163.209412,2020-01-22
"2020-01-23",166.190002,166.800003,165.270004,166.720001,19680800,164.214081,2020-01-23
"2020-01-24",167.509995,167.529999,164.449997,165.039993,24918100,162.559326,2020-01-24
"2020-01-27",161.149994,163.380005,160.199997,162.279999,32078100,159.840805,2020-01-27
"2020-01-28",163.779999,165.759995,163.070007,165.460007,24899900,162.973038,2020-01-28
"2020-01-29",167.839996,168.75,165.690002,168.039993,34754500,165.514221,2020-01-29
"2020-01-30",174.050003,174.050003,170.789993,172.779999,51597500,170.182999,2020-01-30
"2020-01-31",172.210007,172.399994,169.580002,170.229996,36142700,167.67131,2020-01-31
"2020-02-03",170.429993,174.5,170.399994,174.380005,30107000,171.758942,2020-02-03
"2020-02-04",177.139999,180.639999,176.309998,180.119995,36433300,177.412659,2020-02-04
"2020-02-05",184.029999,184.199997,178.410004,179.899994,39186300,177.195969,2020-02-05
"2020-02-06",180.970001,183.820007,180.059998,183.630005,27751400,180.869888,2020-02-06
"2020-02-07",182.850006,185.630005,182.479996,183.889999,33529100,181.126007,2020-02-07
"2020-02-10",183.580002,188.839996,183.25,188.699997,35844300,185.863693,2020-02-10
"2020-02-11",190.649994,190.699997,183.5,184.440002,53159900,181.66774,2020-02-11
"2020-02-12",185.580002,185.850006,181.850006,184.710007,47062900,181.933685,2020-02-12
"2020-02-13",183.080002,186.229996,182.869995,183.710007,35295800,180.948715,2020-02-13
"2020-02-14",183.25,185.410004,182.649994,185.350006,23149500,182.564056,2020-02-14
"2020-02-18",185.610001,187.699997,185.5,187.229996,27792200,184.415817,2020-02-18
"2020-02-19",188.059998,188.179993,186.470001,187.279999,29997500,184.968872,2020-02-19
"2020-02-20",186.949997,187.25,181.100006,184.419998,36862400,182.14418,2020-02-20
"2020-02-21",183.169998,183.5,177.25,178.589996,48572600,176.386124,2020-02-21
"2020-02-24",167.770004,174.550003,163.229996,170.889999,68311100,168.781143,2020-02-24
"2020-02-25",174.199997,174.839996,167.649994,168.070007,68073300,165.995956,2020-02-25
"2020-02-26",169.710007,173.259995,168.210007,170.169998,56206100,168.070023,2020-02-26
"2020-02-27",163.320007,167.029999,157.979996,158.179993,93174900,156.227982,2020-02-27
"2020-02-28",152.410004,163.710007,152,162.009995,97012700,160.010727,2020-02-28
"2020-03-02",165.309998,172.919998,162.309998,172.789993,71030800,170.6577,2020-03-02
"2020-03-03",173.800003,175,162.259995,164.509995,71677000,162.479874,2020-03-03
"2020-03-04",168.490005,170.699997,165.619995,170.550003,49814400,168.445358,2020-03-04
"2020-03-05",166.050003,170.869995,165.690002,166.270004,47817300,164.218155,2020-03-05
"2020-03-06",162.610001,163.110001,156,161.570007,72821100,159.576172,2020-03-06
"2020-03-09",151,157.75,150,150.619995,70419300,148.761292,2020-03-09
"2020-03-10",158.160004,161.029999,152.580002,160.919998,65354400,158.934174,2020-03-10
"2020-03-11",157.130005,157.699997,151.149994,153.630005,56371600,151.734131,2020-03-11
"2020-03-12",145.300003,153.470001,138.580002,139.059998,93226400,137.343933,2020-03-12
"2020-03-13",147.5,161.910004,140.729996,158.830002,92727400,156.869965,2020-03-13
"2020-03-16",140,149.350006,135,135.419998,87905900,133.748871,2020-03-16
"2020-03-17",140,147.5,135,146.570007,81059800,144.761292,2020-03-17
"2020-03-18",138,146,135.020004,140.399994,81593200,138.667404,2020-03-18
"2020-03-19",142.770004,150.149994,139,142.710007,85922700,140.948898,2020-03-19
"2020-03-20",146,147.100006,135.860001,137.350006,84866200,135.655029,2020-03-20
"2020-03-23",137.009995,140.570007,132.520004,135.979996,78975200,134.301956,2020-03-23
"2020-03-24",143.75,149.600006,141.270004,148.339996,82516700,146.50943,2020-03-24
"2020-03-25",148.910004,154.330002,144.440002,146.919998,75638200,145.106949,2020-03-25
"2020-03-26",148.399994,156.660004,148.369995,156.110001,64568100,154.183533,2020-03-26
"2020-03-27",151.75,154.889999,149.199997,149.699997,57042300,147.852631,2020-03-27
"2020-03-30",152.440002,160.600006,150.009995,160.229996,63420300,158.252686,2020-03-30
"2020-03-31",159.399994,164.779999,156.559998,157.710007,77927200,155.763794,2020-03-31
"2020-04-01",153,157.75,150.820007,152.110001,57969900,150.23291,2020-04-01
"2020-04-02",151.860001,155.479996,150.360001,155.259995,49630700,153.34404,2020-04-02
"2020-04-03",155.100006,157.380005,152.190002,153.830002,41243300,151.931671,2020-04-03
"2020-04-06",160.320007,166.5,157.580002,165.270004,67111700,163.23053,2020-04-06
"2020-04-07",169.589996,170,163.259995,163.490005,62769000,161.472458,2020-04-07
"2020-04-08",165.669998,166.669998,163.5,165.130005,48318200,163.092239,2020-04-08
"2020-04-09",166.360001,167.369995,163.330002,165.139999,51385100,163.102097,2020-04-09
"2020-04-13",164.350006,165.570007,162.300003,165.509995,41905300,163.467514,2020-04-13
"2020-04-14",169,173.75,168,173.699997,52874300,171.556458,2020-04-14
"2020-04-15",171.199997,173.570007,169.240005,171.880005,40940800,169.758926,2020-04-15
"2020-04-16",174.300003,177.279999,172.899994,177.039993,50479600,174.85524,2020-04-16
"2020-04-17",179.5,180,175.869995,178.600006,52765600,176.395996,2020-04-17
"2020-04-20",176.630005,178.75,174.990005,175.059998,36669600,172.899673,2020-04-20
"2020-04-21",173.5,173.669998,166.110001,167.820007,56203700,165.749039,2020-04-21
"2020-04-22",171.389999,174,170.820007,173.520004,34620200,171.378693,2020-04-22
"2020-04-23",174.110001,175.059998,170.910004,171.419998,32790800,169.304611,2020-04-23
"2020-04-24",172.059998,174.559998,170.710007,174.550003,34277600,172.395981,2020-04-24
"2020-04-27",176.589996,176.899994,173.300003,174.050003,33194400,171.902145,2020-04-27
"2020-04-28",175.589996,175.669998,169.389999,169.809998,34392700,167.714462,2020-04-28
"2020-04-29",173.220001,177.679993,171.880005,177.429993,51286600,175.240417,2020-04-29
"2020-04-30",180,180.399994,176.229996,179.210007,53875900,176.998489,2020-04-30
"2020-05-01",175.800003,178.639999,174.009995,174.570007,39370500,172.415741,2020-05-01
"2020-05-04",174.490005,179,173.800003,178.839996,30372900,176.633041,2020-05-04
"2020-05-05",180.619995,183.649994,179.899994,180.759995,36839200,178.529343,2020-05-05
"2020-05-06",182.080002,184.199997,181.630005,182.539993,32139300,180.287384,2020-05-06
"2020-05-07",184.169998,184.550003,182.580002,183.600006,28316000,181.334305,2020-05-07
"2020-05-08",184.979996,185,183.360001,184.679993,30877800,182.40097,2020-05-08
"2020-05-11",183.149994,187.509995,182.850006,186.740005,30892700,184.435562,2020-05-11
"2020-05-12",186.800003,187.039993,182.300003,182.509995,32038200,180.257736,2020-05-12
"2020-05-13",182.550003,184.050003,176.539993,179.75,44711500,177.531815,2020-05-13
"2020-05-14",177.539993,180.690002,175.679993,180.529999,41873900,178.302185,2020-05-14
"2020-05-15",179.059998,187.059998,177,183.160004,46610400,180.89975,2020-05-15
"2020-05-18",185.75,186.199997,183.960007,184.910004,35264500,182.628143,2020-05-18
"2020-05-19",185.029999,186.600006,183.490005,183.630005,26799100,181.363937,2020-05-19
"2020-05-20",184.809998,185.850006,183.940002,185.660004,31261300,183.879578,2020-05-20
"2020-05-21",185.399994,186.669998,183.289993,183.429993,29119500,181.670944,2020-05-21
"2020-05-22",183.190002,184.460007,182.539993,183.509995,20826900,181.750183,2020-05-22
"2020-05-26",186.339996,186.5,181.100006,181.570007,36073600,179.828796,2020-05-26
"2020-05-27",180.199997,181.990005,176.600006,181.809998,39517100,180.066498,2020-05-27
"2020-05-28",180.740005,184.149994,180.380005,181.399994,33810200,179.660416,2020-05-28
"2020-05-29",182.729996,184.270004,180.410004,183.25,42130400,181.492691,2020-05-29
"2020-06-01",182.539993,183,181.460007,182.830002,22622400,181.076721,2020-06-01
"2020-06-02",184.25,185,181.350006,184.910004,30794600,183.136765,2020-06-02
"2020-06-03",184.820007,185.940002,183.580002,185.360001,27311000,183.582458,2020-06-03
"2020-06-04",184.300003,185.839996,182.300003,182.919998,28761800,181.165863,2020-06-04
"2020-06-05",182.619995,187.729996,182.009995,187.199997,39893600,185.4048,2020-06-05
"2020-06-08",185.940002,188.550003,184.440002,188.360001,33211600,186.55368,2020-06-08
"2020-06-09",188,190.699997,187.259995,189.800003,29783900,187.979889,2020-06-09
"2020-06-10",191.130005,198.520004,191.009995,196.839996,43872300,194.952362,2020-06-10
"2020-06-11",193.130005,195.759995,186.070007,186.270004,52854700,184.483734,2020-06-11
"2020-06-12",190.539993,191.720001,185.179993,187.740005,43373600,185.939621,2020-06-12
"2020-06-15",184.580002,190.820007,184.009995,188.940002,32770200,187.128113,2020-06-15
"2020-06-16",192.889999,195.580002,191.460007,193.570007,42556700,191.713745,2020-06-16
"2020-06-17",195.029999,196.320007,193.690002,194.240005,25687800,192.377289,2020-06-17
"2020-06-18",194,196.490005,194,196.320007,23061600,194.437363,2020-06-18
"2020-06-19",198.589996,199.289993,194.369995,195.149994,44441100,193.278564,2020-06-19
"2020-06-22",195.789993,200.759995,195.229996,200.570007,32818900,198.646606,2020-06-22
"2020-06-23",202.089996,203.949997,201.429993,201.910004,30917400,199.97374,2020-06-23
"2020-06-24",201.600006,203.25,196.559998,197.839996,36740600,195.94278,2020-06-24
"2020-06-25",197.800003,200.610001,195.470001,200.339996,27803900,198.418793,2020-06-25
"2020-06-26",199.729996,199.889999,194.880005,196.330002,54675800,194.447235,2020-06-26
"2020-06-29",195.779999,198.529999,193.550003,198.440002,26701600,196.537018,2020-06-29
"2020-06-30",197.880005,204.399994,197.740005,203.509995,34310300,201.558395,2020-06-30
"2020-07-01",203.139999,206.350006,201.770004,204.699997,32061200,202.736984,2020-07-01
"2020-07-02",205.679993,208.020004,205,206.259995,29315800,204.282013,2020-07-02
"2020-07-06",208.830002,211.130005,208.089996,210.699997,31897600,208.679443,2020-07-06
"2020-07-07",210.449997,214.669998,207.990005,208.25,33600700,206.25293,2020-07-07
"2020-07-08",210.070007,213.259995,208.690002,212.830002,33600000,210.789032,2020-07-08
"2020-07-09",216.330002,216.380005,211.470001,214.320007,33121700,212.26474,2020-07-09
"2020-07-10",213.619995,214.080002,211.080002,213.669998,26177600,211.620972,2020-07-10
"2020-07-13",214.479996,215.800003,206.5,207.070007,38135600,205.084259,2020-07-13
"2020-07-14",206.130005,208.850006,202.029999,208.350006,37591800,206.351974,2020-07-14
"2020-07-15",209.559998,211.330002,205.029999,208.039993,32179400,206.044937,2020-07-15
"2020-07-16",205.399994,205.699997,202.309998,203.919998,29940700,201.964462,2020-07-16
"2020-07-17",204.470001,205.039993,201.389999,202.880005,31635300,200.934448,2020-07-17
"2020-07-20",205,212.300003,203.009995,211.600006,36884800,209.570831,2020-07-20
"2020-07-21",213.660004,213.940002,208.029999,208.75,37990400,206.748154,2020-07-21
"2020-07-22",209.199997,212.300003,208.389999,211.75,49605700,209.71936,2020-07-22
"2020-07-23",207.190002,210.919998,202.149994,202.539993,67457000,200.597687,2020-07-23
"2020-07-24",200.419998,202.860001,197.509995,201.300003,39827000,199.369598,2020-07-24
"2020-07-27",201.470001,203.970001,200.860001,203.850006,30160900,201.895142,2020-07-27
"2020-07-28",203.610001,204.699997,201.740005,202.020004,23251400,200.082703,2020-07-28
"2020-07-29",202.5,204.649994,202.009995,204.059998,19632600,202.103119,2020-07-29
"2020-07-30",201,204.460007,199.570007,203.899994,25079600,201.944656,2020-07-30
"2020-07-31",204.399994,205.100006,199.009995,205.009995,51044000,203.044006,2020-07-31
"2020-08-03",211.520004,217.639999,210.440002,216.539993,78983000,214.46344,2020-08-03
"2020-08-04",214.169998,214.770004,210.309998,213.289993,49280100,211.244598,2020-08-04
"2020-08-05",214.899994,215,211.570007,212.940002,28806400,210.897964,2020-08-05
"2020-08-06",212.339996,216.369995,211.550003,216.350006,32656800,214.275269,2020-08-06
"2020-08-07",214.850006,215.699997,210.929993,212.479996,27820400,210.442368,2020-08-07
"2020-08-10",211.669998,211.880005,206.350006,208.25,36716500,206.25293,2020-08-10
"2020-08-11",207.160004,207.649994,203.139999,203.380005,36446500,201.429657,2020-08-11
"2020-08-12",205.289993,210.279999,204.75,209.190002,28013100,207.183945,2020-08-12
"2020-08-13",209.440002,211.350006,208.149994,208.699997,22588900,206.698624,2020-08-13
"2020-08-14",208.759995,209.589996,207.509995,208.899994,17958900,206.896698,2020-08-14
"2020-08-17",209.600006,211.190002,208.919998,210.279999,20184800,208.263489,2020-08-17
"2020-08-18",210.529999,212.360001,209.210007,211.490005,21336200,209.461884,2020-08-18
"2020-08-19",211.490005,212.100006,209.25,209.699997,27627600,208.191086,2020-08-19
"2020-08-20",209.539993,215,208.910004,214.580002,26981500,213.035965,2020-08-20
"2020-08-21",213.860001,216.25,212.850006,213.020004,36249300,211.487198,2020-08-21
"2020-08-24",214.789993,215.520004,212.429993,213.690002,25460100,212.152374,2020-08-24
"2020-08-25",213.100006,216.610001,213.100006,216.470001,23043700,214.912384,2020-08-25
"2020-08-26",217.880005,222.089996,217.360001,221.149994,39600800,219.558701,2020-08-26
"2020-08-27",222.889999,231.149994,219.399994,226.580002,57602200,224.949631,2020-08-27
"2020-08-28",228.179993,230.639999,226.580002,228.910004,26292900,227.262863,2020-08-28
"2020-08-31",227,228.699997,224.309998,225.529999,28774200,223.907166,2020-08-31
"2020-09-01",225.509995,227.449997,224.429993,227.270004,25725500,225.634674,2020-09-01
"2020-09-02",227.970001,232.860001,227.350006,231.649994,34080800,229.983139,2020-09-02
"2020-09-03",229.270004,229.309998,214.960007,217.300003,58400300,215.73642,2020-09-03
"2020-09-04",215.100006,218.360001,205.190002,214.25,59664100,212.708359,2020-09-04
"2020-09-08",206.5,210.029999,202.199997,202.660004,52924300,201.201736,2020-09-08
"2020-09-09",207.600006,214.839996,206.699997,211.289993,45679000,209.769638,2020-09-09
"2020-09-10",213.399994,214.740005,204.110001,205.369995,35461500,203.892227,2020-09-10
"2020-09-11",207.199997,208.630005,201.240005,204.029999,33620100,202.56189,2020-09-11
"2020-09-14",204.240005,209.199997,204.029999,205.410004,30375800,203.931946,2020-09-14
"2020-09-15",208.419998,209.779999,206.929993,208.779999,21823900,207.27771,2020-09-15
"2020-09-16",210.619995,210.649994,204.639999,205.050003,26328100,203.574539,2020-09-16
"2020-09-17",200.050003,204.330002,199.960007,202.910004,34011300,201.449951,2020-09-17
"2020-09-18",202.800003,203.649994,196.25,200.389999,55225300,198.948074,2020-09-18
"2020-09-21",197.190002,202.710007,196.380005,202.539993,39839700,201.082596,2020-09-21
"2020-09-22",205.059998,208.100006,202.080002,207.419998,33517100,205.927475,2020-09-22
"2020-09-23",207.899994,208.100006,200.029999,200.589996,30803800,199.146637,2020-09-23
"2020-09-24",199.850006,205.570007,199.199997,203.190002,31202500,201.727921,2020-09-24
"2020-09-25",203.550003,209.039993,202.539993,207.820007,29437300,206.324615,2020-09-25
"2020-09-28",210.880005,212.570007,208.059998,209.440002,32004900,207.932953,2020-09-28
"2020-09-29",209.350006,210.070007,206.809998,207.259995,24221900,205.768631,2020-09-29
"2020-09-30",207.729996,211.979996,206.539993,210.330002,33829100,208.816544,2020-09-30
"2020-10-01",213.490005,213.990005,211.320007,212.460007,27158400,210.931229,2020-10-01
"2020-10-02",208,210.990005,205.539993,206.190002,33154800,204.70636,2020-10-02
"2020-10-05",207.220001,210.410004,206.979996,210.380005,21331600,208.866211,2020-10-05
"2020-10-06",208.820007,210.179993,204.820007,205.910004,28554300,204.42836,2020-10-06
"2020-10-07",207.059998,210.110001,206.720001,209.830002,25681100,208.320145,2020-10-07
"2020-10-08",210.509995,211.190002,208.320007,210.580002,19925800,209.064774,2020-10-08
"2020-10-09",211.229996,215.860001,211.229996,215.809998,26458000,214.257126,2020-10-09
"2020-10-12",218.789993,223.860001,216.809998,221.399994,40461400,219.806885,2020-10-12
"2020-10-13",222.720001,225.210007,220.429993,222.860001,28950800,221.256378,2020-10-13
"2020-10-14",223,224.220001,219.130005,220.860001,23421700,219.270782,2020-10-14
"2020-10-15",217.100006,220.360001,216.009995,219.660004,22733100,218.079422,2020-10-15
"2020-10-16",220.149994,222.289993,219.320007,219.660004,26057900,218.079422,2020-10-16
"2020-10-19",220.419998,222.300003,213.720001,214.220001,27625800,212.678558,2020-10-19
"2020-10-20",215.800003,217.369995,213.089996,214.649994,22753500,213.105469,2020-10-20
"2020-10-21",213.119995,216.919998,213.119995,214.800003,22724900,213.254395,2020-10-21
"2020-10-22",213.929993,216.059998,211.699997,214.889999,22351500,213.34375,2020-10-22
"2020-10-23",215.029999,216.279999,213.160004,216.229996,18879600,214.674103,2020-10-23
"2020-10-26",213.850006,216.339996,208.100006,210.080002,37111600,208.568359,2020-10-26
"2020-10-27",211.589996,214.669998,210.330002,213.25,36700300,211.715546,2020-10-27
"2020-10-28",207.669998,208.839996,202.100006,202.679993,51195600,201.221588,2020-10-28
"2020-10-29",204.070007,207.360001,203.369995,204.720001,31432600,203.246918,2020-10-29
"2020-10-30",203.5,204.289993,199.619995,202.470001,36953700,201.013123,2020-10-30
"2020-11-02",204.289993,205.279999,200.119995,202.330002,30842200,200.874115,2020-11-02
"2020-11-03",203.889999,208.119995,203.119995,206.429993,27512000,204.944611,2020-11-03
"2020-11-04",214.020004,218.320007,212.419998,216.389999,42311800,214.832947,2020-11-04
"2020-11-05",222.039993,224.119995,221.149994,223.289993,36080100,221.683304,2020-11-05
"2020-11-06",222.259995,224.360001,218.029999,223.720001,25231900,222.110214,2020-11-06
"2020-11-09",224.440002,228.119995,217.880005,218.389999,44395000,216.818542,2020-11-09
"2020-11-10",214.5,216.5,209.720001,211.009995,44045100,209.491653,2020-11-10
"2020-11-11",212.389999,218.039993,212.199997,216.550003,29440800,214.991806,2020-11-11
"2020-11-12",217.210007,219.110001,214.460007,215.440002,21593900,213.889786,2020-11-12
"2020-11-13",216.360001,217.419998,214.160004,216.509995,18621100,214.952087,2020-11-13
"2020-11-16",214.869995,217.740005,214.520004,217.229996,24953300,215.666901,2020-11-16
"2020-11-17",216.100006,217.679993,214.080002,214.460007,24154100,212.91684,2020-11-17
"2020-11-18",213.649994,215.169998,210.929993,211.080002,28372800,210.109802,2020-11-18
"2020-11-19",211.380005,213.029999,209.929993,212.419998,24792700,211.443649,2020-11-19
"2020-11-20",212.199997,213.289993,210,210.389999,22843100,209.422974,2020-11-20
"2020-11-23",210.949997,212.289993,208.160004,210.110001,25683500,209.144257,2020-11-23
"2020-11-24",209.589996,214.25,208.860001,213.860001,33979700,212.877014,2020-11-24
"2020-11-25",215.110001,215.289993,212.460007,213.869995,21012900,212.886978,2020-11-25
"2020-11-27",214.850006,216.270004,214.039993,215.229996,14512200,214.240707,2020-11-27
"2020-11-30",214.100006,214.759995,210.839996,214.070007,33064800,213.086075,2020-11-30
"2020-12-01",214.509995,217.320007,213.350006,216.210007,30904500,215.216232,2020-12-01
"2020-12-02",214.880005,215.470001,212.800003,215.369995,23724500,214.380066,2020-12-02
"2020-12-03",214.610001,216.380005,213.649994,214.240005,25120900,213.25528,2020-12-03
"2020-12-04",214.220001,215.380005,213.179993,214.360001,24666000,213.374725,2020-12-04
"2020-12-07",214.369995,215.539993,212.990005,214.289993,24620000,213.305038,2020-12-07
"2020-12-08",213.970001,216.949997,212.889999,216.009995,23284100,215.017136,2020-12-08
"2020-12-09",215.160004,215.229996,211.210007,211.800003,32440600,210.826492,2020-12-09
"2020-12-10",211.770004,213.080002,210.360001,210.520004,26733300,209.552383,2020-12-10
"2020-12-11",210.050003,213.320007,209.110001,213.259995,30979400,212.27977,2020-12-11
"2020-12-14",213.100006,216.210007,212.880005,214.199997,28798400,213.215454,2020-12-14
"2020-12-15",215.169998,215.419998,212.240005,214.130005,27000600,213.145798,2020-12-15
"2020-12-16",214.75,220.110001,214.720001,219.279999,35023300,218.27211,2020-12-16
"2020-12-17",219.869995,220.889999,217.919998,219.419998,32515800,218.411469,2020-12-17
"2020-12-18",218.589996,219.690002,216.020004,218.589996,63354900,217.585281,2020-12-18
"2020-12-21",217.550003,224,217.279999,222.589996,37181900,221.566895,2020-12-21
"2020-12-22",222.690002,225.630005,221.850006,223.940002,22612200,222.91069,2020-12-22
"2020-12-23",223.110001,223.559998,220.800003,221.020004,18699600,220.004105,2020-12-23
"2020-12-24",221.419998,223.610001,221.199997,222.75,10550600,221.726166,2020-12-24
"2020-12-28",224.449997,226.029999,223.020004,224.960007,17933500,223.925995,2020-12-28
"2020-12-29",226.309998,227.179993,223.580002,224.149994,17403200,223.11972,2020-12-29
"2020-12-30",225.229996,225.630005,221.470001,221.679993,20272300,220.661072,2020-12-30
"2020-12-31",221.699997,223,219.679993,222.419998,20942100,221.397675,2020-12-31
"2021-01-04",222.529999,223,214.809998,217.690002,37130100,216.689423,2021-01-04
"2021-01-05",217.259995,218.520004,215.699997,217.899994,23823000,216.898438,2021-01-05
"2021-01-06",212.169998,216.490005,211.940002,212.25,35930700,211.274414,2021-01-06
"2021-01-07",214.039993,219.339996,213.710007,218.289993,27694500,217.286652,2021-01-07
"2021-01-08",218.679993,220.580002,217.029999,219.619995,22956200,218.61055,2021-01-08
"2021-01-11",218.470001,218.910004,216.729996,217.490005,23031300,216.490341,2021-01-11
"2021-01-12",216.5,217.100006,213.320007,214.929993,23249300,213.942093,2021-01-12
"2021-01-13",214.020004,216.759995,213.929993,216.339996,20087100,215.345627,2021-01-13
"2021-01-14",215.910004,217.460007,212.740005,213.020004,29480800,212.040878,2021-01-14
"2021-01-15",213.520004,214.509995,212.029999,212.649994,31746500,211.672577,2021-01-15
"2021-01-19",213.75,216.979996,212.630005,216.440002,30480900,215.445175,2021-01-19
"2021-01-20",217.699997,225.789993,217.289993,224.339996,37777300,223.308853,2021-01-20
"2021-01-21",224.699997,226.300003,222.419998,224.970001,30709400,223.935959,2021-01-21
"2021-01-22",227.080002,230.070007,225.800003,225.949997,30172700,224.911453,2021-01-22
"2021-01-25",229.119995,229.779999,224.220001,229.529999,33152100,228.474991,2021-01-25
"2021-01-26",231.860001,234.179993,230.080002,232.330002,49169600,231.262131,2021-01-26
"2021-01-27",238,240.440002,230.139999,232.899994,69870600,231.829514,2021-01-27
"2021-01-28",235.610001,242.639999,235.089996,238.929993,49111200,237.831787,2021-01-28
"2021-01-29",235.990005,238.020004,231.350006,231.960007,42503100,230.893845,2021-01-29
"2021-02-01",235.059998,242.5,232.429993,239.649994,33314200,238.548477,2021-02-01
"2021-02-02",241.300003,242.309998,238.690002,239.509995,25916300,238.409119,2021-02-02
"2021-02-03",239.570007,245.089996,239.259995,243,27158100,241.883087,2021-02-03
"2021-02-04",242.660004,243.240005,240.369995,242.009995,25296100,240.897629,2021-02-04
"2021-02-05",242.229996,243.279999,240.419998,242.199997,18054800,241.086761,2021-02-05
"2021-02-08",243.149994,243.679993,240.809998,242.470001,22211900,241.35553,2021-02-08
"2021-02-09",241.869995,244.759995,241.380005,243.770004,23565000,242.649536,2021-02-09
"2021-02-10",245,245.919998,240.889999,242.820007,22186700,241.703918,2021-02-10
"2021-02-11",244.779999,245.149994,242.149994,244.490005,15751100,243.366241,2021-02-11
"2021-02-12",243.929993,245.300003,242.729996,244.990005,16561100,243.863937,2021-02-12
"2021-02-16",245.029999,246.130005,242.919998,243.699997,26728500,242.579865,2021-02-16
"2021-02-17",241.320007,244.309998,240.940002,244.199997,21653500,243.637421,2021-02-17
"2021-02-18",241.800003,243.929993,240.860001,243.789993,16925600,243.228348,2021-02-18
"2021-02-19",243.75,243.860001,240.179993,240.970001,25262600,240.414856,2021-02-19
"2021-02-22",237.419998,237.929993,232.399994,234.509995,36446900,233.969742,2021-02-22
"2021-02-23",230.330002,234.830002,228.729996,233.270004,30228700,232.732605,2021-02-23
"2021-02-24",230.009995,235.199997,229,234.550003,26339700,234.009659,2021-02-24
"2021-02-25",232.080002,234.589996,227.880005,228.990005,39542200,228.462463,2021-02-25
"2021-02-26",231.529999,235.369995,229.539993,232.380005,37819200,231.84465,2021-02-26
"2021-03-01",235.899994,237.470001,233.149994,236.940002,25324000,236.39415,2021-03-01
"2021-03-02",237.009995,237.300003,233.449997,233.869995,22812500,233.331207,2021-03-02
"2021-03-03",232.160004,233.580002,227.259995,227.559998,34029500,227.035751,2021-03-03
"2021-03-04",226.740005,232.490005,224.259995,226.729996,44727800,226.207657,2021-03-04
"2021-03-05",229.520004,233.270004,226.460007,231.600006,41872800,231.066452,2021-03-05
"2021-03-08",231.369995,233.369995,227.130005,227.389999,35267400,226.86615,2021-03-08
"2021-03-09",232.880005,235.380005,231.669998,233.779999,33080500,233.241425,2021-03-09
"2021-03-10",237,237,232.039993,232.419998,29746800,231.884552,2021-03-10
"2021-03-11",234.960007,239.169998,234.309998,237.130005,29907600,236.58371,2021-03-11
"2021-03-12",234.009995,235.820007,233.229996,235.75,22653700,235.206879,2021-03-12
"2021-03-15",234.960007,235.190002,231.809998,234.809998,26034900,234.269043,2021-03-15
"2021-03-16",236.279999,240.059998,235.940002,237.710007,28092200,237.162369,2021-03-16
"2021-03-17",236.149994,238.550003,233.229996,237.039993,29562100,236.493912,2021-03-17
"2021-03-18",232.559998,234.190002,230.330002,230.720001,34833000,230.188477,2021-03-18
"2021-03-19",231.020004,232.470001,229.350006,230.350006,46430700,229.819336,2021-03-19
"2021-03-22",230.270004,236.899994,230.139999,235.990005,30127000,235.446335,2021-03-22
"2021-03-23",237.490005,241.050003,237.070007,237.580002,31638400,237.032669,2021-03-23
"2021-03-24",237.850006,238,235.320007,235.460007,25620100,234.917557,2021-03-24
"2021-03-25",235.300003,236.940002,231.570007,232.339996,34061900,231.804733,2021-03-25
"2021-03-26",231.550003,236.710007,231.550003,236.479996,25479900,235.935196,2021-03-26
"2021-03-29",236.589996,236.800003,231.880005,235.240005,25227500,234.698059,2021-03-29
"2021-03-30",233.529999,233.850006,231.100006,231.850006,24792000,231.315872,2021-03-30
"2021-03-31",232.910004,239.100006,232.389999,235.770004,43623500,235.226837,2021-03-31
"2021-04-01",238.470001,242.839996,238.050003,242.350006,30338000,241.791687,2021-04-01
"2021-04-05",242.759995,249.960007,242.699997,249.070007,36910600,248.496201,2021-04-05
"2021-04-06",247.610001,249.399994,246.880005,247.860001,22931900,247.288986,2021-04-06
"2021-04-07",247.809998,250.929993,247.190002,249.899994,22719800,249.32428,2021-04-07
"2021-04-08",252.770004,254.139999,252,253.25,23625200,252.666565,2021-04-08
"2021-04-09",252.869995,255.990005,252.440002,255.850006,24326800,255.26059,2021-04-09
"2021-04-12",254.710007,257.670013,254.619995,255.910004,27148700,255.32045,2021-04-12
"2021-04-13",257.26001,259.190002,256.829987,258.48999,23837500,257.894501,2021-04-13
"2021-04-14",257.480011,258.829987,255.160004,255.589996,23070900,255.001175,2021-04-14
"2021-04-15",257.929993,259.929993,257.730011,259.5,25627500,258.902161,2021-04-15
"2021-04-16",259.470001,261,257.600006,260.73999,24878600,260.139313,2021-04-16
"2021-04-19",260.190002,261.480011,257.820007,258.73999,23209300,258.143921,2021-04-19
"2021-04-20",257.820007,260.200012,256.839996,258.26001,19722900,257.665039,2021-04-20
"2021-04-21",258.940002,260.679993,257.25,260.579987,24030400,259.979675,2021-04-21
"2021-04-22",260.209991,261.779999,255.639999,257.170013,25606200,256.577545,2021-04-22
"2021-04-23",257.880005,261.51001,257.269989,261.149994,21462600,260.54837,2021-04-23
"2021-04-26",261.660004,262.440002,260.170013,261.549988,19763300,260.947449,2021-04-26
"2021-04-27",261.579987,263.190002,260.119995,261.970001,31014200,261.366486,2021-04-27
"2021-04-28",256.079987,256.540009,252.949997,254.559998,46903100,253.973541,2021-04-28
"2021-04-29",255.460007,256.100006,249,252.509995,40589000,251.928268,2021-04-29
"2021-04-30",249.740005,253.080002,249.600006,252.179993,30929200,251.59903,2021-04-30
"2021-05-03",253.399994,254.350006,251.119995,251.860001,19626600,251.27977,2021-05-03
"2021-05-04",250.970001,251.210007,245.759995,247.789993,32756100,247.219147,2021-05-04
"2021-05-05",249.059998,249.5,245.820007,246.470001,21901300,245.902191,2021-05-05
"2021-05-06",246.449997,249.860001,244.690002,249.729996,26491100,249.154678,2021-05-06
"2021-05-07",252.149994,254.300003,251.169998,252.460007,27010100,251.878387,2021-05-07
"2021-05-10",250.869995,251.729996,247.119995,247.179993,29299900,246.61055,2021-05-10
"2021-05-11",244.550003,246.600006,242.570007,246.229996,33641600,245.662735,2021-05-11
"2021-05-12",242.169998,244.380005,238.070007,239,36684400,238.449402,2021-05-12
"2021-05-13",241.800003,245.600006,241.419998,243.029999,29624300,242.470108,2021-05-13
"2021-05-14",245.580002,249.179993,245.490005,248.149994,23868600,247.578308,2021-05-14
"2021-05-17",246.550003,246.589996,243.520004,245.179993,24970200,244.615158,2021-05-17
"2021-05-18",246.270004,246.410004,242.899994,243.080002,20168000,242.520004,2021-05-18
"2021-05-19",239.309998,243.229996,238.600006,243.119995,25739800,243.119995,2021-05-19
"2021-05-20",243.960007,247.949997,243.860001,246.479996,21800700,246.479996,2021-05-20
"2021-05-21",247.570007,248.330002,244.740005,245.169998,21863100,245.169998,2021-05-21
"2021-05-24",247.789993,251.160004,247.509995,250.779999,21411500,250.779999,2021-05-24
"2021-05-25",251.770004,252.75,250.820007,251.720001,17704300,251.720001,2021-05-25
"2021-05-26",251.429993,252.940002,250.75,251.490005,17771600,251.490005,2021-05-26
"2021-05-27",251.169998,251.479996,249.25,249.309998,24426200,249.309998,2021-05-27
"2021-05-28",251,252.080002,249.559998,249.679993,18270200,249.679993,2021-05-28
"2021-06-01",251.229996,251.289993,246.960007,247.399994,23213300,247.399994,2021-06-01
"2021-06-02",248.130005,249.270004,245.839996,247.300003,19406700,247.300003,2021-06-02
"2021-06-03",245.220001,246.339996,243,245.710007,25307700,245.710007,2021-06-03
"2021-06-04",247.759995,251.649994,247.509995,250.789993,25275000,250.789993,2021-06-04
"2021-06-07",249.979996,254.089996,249.809998,253.809998,23079200,253.809998,2021-06-07
"2021-06-08",255.160004,256.01001,252.509995,252.570007,22455000,252.570007,2021-06-08
"2021-06-09",253.809998,255.529999,253.210007,253.589996,17937600,253.589996,2021-06-09
"2021-06-10",254.289993,257.459991,253.669998,257.23999,24563600,257.23999,2021-06-10
