"","IXIC.Open","IXIC.High","IXIC.Low","IXIC.Close","IXIC.Volume","IXIC.Adjusted","date"
"2019-01-02",6506.910156,6693.709961,6506.879883,6665.939941,2261800000,6665.939941,2019-01-02
"2019-01-03",6584.77002,6600.209961,6457.129883,6463.5,2607290000,6463.5,2019-01-03
"2019-01-04",6567.140137,6760.689941,6554.240234,6738.859863,2579550000,6738.859863,2019-01-04
"2019-01-07",6757.529785,6855.600098,6741.399902,6823.470215,2507550000,6823.470215,2019-01-07
"2019-01-08",6893.439941,6909.580078,6795.859863,6897,2380290000,6897,2019-01-08
"2019-01-09",6923.060059,6985.220215,6899.560059,6957.080078,2422590000,6957.080078,2019-01-09
"2019-01-10",6908.649902,6991.370117,6877.080078,6986.069824,2179080000,6986.069824,2019-01-10
"2019-01-11",6947.459961,6975.649902,6933.600098,6971.47998,2066500000,6971.47998,2019-01-11
"2019-01-14",6908.029785,6936.220215,6887.47998,6905.919922,1942210000,6905.919922,2019-01-14
"2019-01-15",6931.390137,7025.850098,6928.120117,7023.830078,2038090000,7023.830078,2019-01-15
"2019-01-16",7033.75,7079.629883,7028.120117,7034.689941,2149580000,7034.689941,2019-01-16
"2019-01-17",7010.129883,7113.950195,7003.620117,7084.459961,2128840000,7084.459961,2019-01-17
"2019-01-18",7134.100098,7185.379883,7096.620117,7157.22998,2451240000,7157.22998,2019-01-18
"2019-01-22",7109.569824,7110.160156,6979.810059,7020.359863,2380950000,7020.359863,2019-01-22
"2019-01-23",7061.649902,7084.850098,6953.22998,7025.77002,2274420000,7025.77002,2019-01-23
"2019-01-24",7042.25,7078.959961,7029.950195,7073.459961,2400290000,7073.459961,2019-01-24
"2019-01-25",7128.180176,7174.560059,7111.089844,7164.859863,2440840000,7164.859863,2019-01-25
"2019-01-28",7075.009766,7086.299805,7034.25,7085.680176,2435480000,7085.680176,2019-01-28
"2019-01-29",7087.490234,7092.290039,7011.470215,7028.290039,2089690000,7028.290039,2019-01-29
"2019-01-30",7094.790039,7201.310059,7065.569824,7183.080078,2544050000,7183.080078,2019-01-30
"2019-01-31",7208.169922,7303.120117,7205.950195,7281.740234,2918710000,7281.740234,2019-01-31
"2019-02-01",7256.370117,7299.939941,7243.410156,7263.870117,2383430000,7263.870117,2019-02-01
"2019-02-04",7266.279785,7348.22998,7261.069824,7347.540039,2099470000,7347.540039,2019-02-04
"2019-02-05",7356.339844,7408.680176,7355.359863,7402.080078,2265520000,7402.080078,2019-02-05
"2019-02-06",7400.439941,7410.77002,7346.720215,7375.279785,2167130000,7375.279785,2019-02-06
"2019-02-07",7316.5,7336.740234,7235.049805,7288.350098,2295080000,7288.350098,2019-02-07
"2019-02-08",7232.299805,7299.439941,7225.140137,7298.200195,2086260000,7298.200195,2019-02-08
"2019-02-11",7327.370117,7343.560059,7290.029785,7307.899902,1897800000,7307.899902,2019-02-11
"2019-02-12",7358.850098,7419.430176,7349.799805,7414.620117,2124330000,7414.620117,2019-02-12
"2019-02-13",7437.459961,7461.660156,7413.839844,7420.379883,2093800000,7420.379883,2019-02-13
"2019-02-14",7390.25,7454.419922,7375.709961,7426.950195,2103370000,7426.950195,2019-02-14
"2019-02-15",7468.569824,7477.279785,7440.259766,7472.410156,2257750000,7472.410156,2019-02-15
"2019-02-19",7450.75,7507.790039,7450.27002,7486.77002,2120790000,7486.77002,2019-02-19
"2019-02-20",7490.310059,7513.700195,7455.25,7489.069824,2181760000,7489.069824,2019-02-20
"2019-02-21",7475.410156,7485.75,7430.890137,7459.709961,2119080000,7459.709961,2019-02-21
"2019-02-22",7481.629883,7527.540039,7479.009766,7527.540039,2417680000,7527.540039,2019-02-22
"2019-02-25",7585.299805,7602.689941,7551.609863,7554.459961,2363140000,7554.459961,2019-02-25
"2019-02-26",7535.290039,7573.220215,7524.310059,7549.299805,2257710000,7549.299805,2019-02-26
"2019-02-27",7526.419922,7562.290039,7485.390137,7554.509766,2423360000,7554.509766,2019-02-27
"2019-02-28",7533.310059,7561.899902,7516.47998,7532.529785,2647080000,7532.529785,2019-02-28
"2019-03-01",7587.450195,7603.040039,7540.75,7595.350098,2463190000,7595.350098,2019-03-01
"2019-03-04",7636.620117,7643.660156,7501.560059,7577.569824,2569590000,7577.569824,2019-03-04
"2019-03-05",7582.290039,7598.660156,7543.540039,7576.359863,2142610000,7576.359863,2019-03-05
"2019-03-06",7575.379883,7579.02002,7499.870117,7505.919922,2242810000,7505.919922,2019-03-06
"2019-03-07",7483.790039,7489.080078,7397.189941,7421.459961,2440840000,7421.459961,2019-03-07
"2019-03-08",7334.350098,7411.52002,7332.919922,7408.140137,2245430000,7408.140137,2019-03-08
"2019-03-11",7442.560059,7558.22998,7442.399902,7558.060059,2226950000,7558.060059,2019-03-11
"2019-03-12",7571.850098,7611.129883,7560.459961,7591.029785,2161400000,7591.029785,2019-03-12
"2019-03-13",7621.379883,7677.069824,7619.459961,7643.410156,2366350000,7643.410156,2019-03-13
"2019-03-14",7644.790039,7653.100098,7627.02002,7630.910156,2176510000,7630.910156,2019-03-14
"2019-03-15",7658.410156,7714.959961,7652.040039,7688.529785,3447190000,7688.529785,2019-03-15
"2019-03-18",7696.379883,7737.669922,7677.740234,7714.47998,2274490000,7714.47998,2019-03-18
"2019-03-19",7747.399902,7767.890137,7699.149902,7723.950195,2433160000,7723.950195,2019-03-19
"2019-03-20",7721.950195,7779.240234,7674.040039,7728.970215,2424400000,7728.970215,2019-03-20
"2019-03-21",7705.430176,7850.109863,7705.430176,7838.959961,2483580000,7838.959961,2019-03-21
"2019-03-22",7800.25,7817.830078,7642.569824,7642.669922,2490730000,7642.669922,2019-03-22
"2019-03-25",7618.97998,7662.379883,7579.290039,7637.540039,2130230000,7637.540039,2019-03-25
"2019-03-26",7700,7738.169922,7649.209961,7691.52002,2068900000,7691.52002,2019-03-26
"2019-03-27",7702.049805,7712.839844,7582.089844,7643.379883,2221650000,7643.379883,2019-03-27
"2019-03-28",7660.069824,7689.160156,7619.819824,7669.169922,1902060000,7669.169922,2019-03-28
"2019-03-29",7726.709961,7733.620117,7688.509766,7729.319824,2233470000,7729.319824,2019-03-29
"2019-04-01",7800.240234,7831.450195,7777.089844,7828.910156,2198050000,7828.910156,2019-04-01
"2019-04-02",7824.609863,7854.919922,7811.279785,7848.689941,2110100000,7848.689941,2019-04-02
"2019-04-03",7891.180176,7938.259766,7870.899902,7895.549805,2487210000,7895.549805,2019-04-03
"2019-04-04",7894.259766,7917.649902,7844.959961,7891.779785,2094200000,7891.779785,2019-04-04
"2019-04-05",7914.509766,7940.450195,7909.140137,7938.689941,2148730000,7938.689941,2019-04-05
"2019-04-08",7924.890137,7955.899902,7891.850098,7953.879883,2069190000,7953.879883,2019-04-08
"2019-04-09",7924.77002,7945.549805,7897.609863,7909.279785,2067570000,7909.279785,2019-04-09
"2019-04-10",7922.72998,7965.330078,7916.899902,7964.240234,1998280000,7964.240234,2019-04-10
"2019-04-11",7975.200195,7975.200195,7933.410156,7947.359863,1956840000,7947.359863,2019-04-11
"2019-04-12",7984.149902,7992.089844,7952.609863,7984.160156,1955290000,7984.160156,2019-04-12
"2019-04-15",7987.160156,7993.330078,7933.569824,7976.009766,1816920000,7976.009766,2019-04-15
"2019-04-16",8000.569824,8017.560059,7978.810059,8000.22998,2095330000,8000.22998,2019-04-16
"2019-04-17",8044.970215,8052.399902,7973.379883,7996.080078,2290690000,7996.080078,2019-04-17
"2019-04-18",7998.450195,8002.310059,7950.970215,7998.060059,2089360000,7998.060059,2019-04-18
"2019-04-22",7969.370117,8017.149902,7965.899902,8015.27002,1776060000,8015.27002,2019-04-22
"2019-04-23",8026.75,8128.870117,8023.810059,8120.819824,2075070000,8120.819824,2019-04-23
"2019-04-24",8122.879883,8139.549805,8101.700195,8102.009766,2022490000,8102.009766,2019-04-24
"2019-04-25",8150.850098,8151.839844,8075.410156,8118.680176,2063270000,8118.680176,2019-04-25
"2019-04-26",8100.279785,8146.419922,8060.890137,8146.399902,1971270000,8146.399902,2019-04-26
"2019-04-29",8147.649902,8176.080078,8136.410156,8161.850098,1761110000,8161.850098,2019-04-29
"2019-04-30",8104.910156,8124.609863,8050.549805,8095.390137,2115770000,8095.390137,2019-04-30
"2019-05-01",8132.930176,8146,8048.22998,8049.640137,2247420000,8049.640137,2019-05-01
"2019-05-02",8046.47998,8094.060059,7976.77002,8036.77002,2158600000,8036.77002,2019-05-02
"2019-05-03",8092.879883,8164.709961,8084.799805,8164,2046040000,8164,2019-05-03
"2019-05-06",7981.850098,8135.540039,7981.850098,8123.290039,1966120000,8123.290039,2019-05-06
"2019-05-07",8043.52002,8070.970215,7899.02002,7963.759766,2376660000,7963.759766,2019-05-07
"2019-05-08",7946.240234,8004.490234,7923.350098,7943.319824,2175100000,7943.319824,2019-05-08
"2019-05-09",7853.209961,7929.779785,7796.160156,7910.589844,2520770000,7910.589844,2019-05-09
"2019-05-10",7881.310059,7949.339844,7759.339844,7916.939941,2387720000,7916.939941,2019-05-10
"2019-05-13",7720.069824,7760.830078,7627.220215,7647.02002,2478860000,7647.02002,2019-05-13
"2019-05-14",7689.660156,7776.200195,7665.299805,7734.490234,2084850000,7734.490234,2019-05-14
"2019-05-15",7682.799805,7838.720215,7682.240234,7822.149902,2001530000,7822.149902,2019-05-15
"2019-05-16",7832.580078,7946.22998,7826.669922,7898.049805,2163120000,7898.049805,2019-05-16
"2019-05-17",7829.029785,7918.709961,7810.350098,7816.279785,2134120000,7816.279785,2019-05-17
"2019-05-20",7714.060059,7747.27002,7678.350098,7702.379883,2122410000,7702.379883,2019-05-20
"2019-05-21",7765.569824,7804.439941,7752.919922,7785.720215,1993210000,7785.720215,2019-05-21
"2019-05-22",7749.799805,7786.330078,7738.350098,7750.839844,1881830000,7750.839844,2019-05-22
"2019-05-23",7660.720215,7665.149902,7585.319824,7628.279785,2243420000,7628.279785,2019-05-23
"2019-05-24",7675.569824,7694.149902,7631.25,7637.009766,1682920000,7637.009766,2019-05-24
"2019-05-28",7655.660156,7693.740234,7603.759766,7607.350098,2352670000,7607.350098,2019-05-28
"2019-05-29",7553.02002,7581.109863,7503.939941,7547.310059,2278790000,7547.310059,2019-05-29
"2019-05-30",7565.459961,7595.899902,7527.660156,7567.720215,1.872e+09,7567.720215,2019-05-30
"2019-05-31",7470.950195,7506.859863,7448.22998,7453.149902,2236940000,7453.149902,2019-05-31
"2019-06-03",7441.209961,7457.660156,7292.220215,7333.02002,2576920000,7333.02002,2019-06-03
"2019-06-04",7413.939941,7529.5,7385.02002,7527.120117,2369150000,7527.120117,2019-06-04
"2019-06-05",7585.680176,7589.470215,7498.169922,7575.47998,2115570000,7575.47998,2019-06-05
"2019-06-06",7582.240234,7634.120117,7546.220215,7615.549805,2070940000,7615.549805,2019-06-06
"2019-06-07",7652.970215,7767.02002,7647.910156,7742.100098,2066020000,7742.100098,2019-06-07
"2019-06-10",7798.870117,7895.439941,7795.759766,7823.169922,2049370000,7823.169922,2019-06-10
"2019-06-11",7901.040039,7909.990234,7798.629883,7822.569824,2114680000,7822.569824,2019-06-11
"2019-06-12",7803.129883,7819.160156,7773.970215,7792.720215,1952790000,7792.720215,2019-06-12
"2019-06-13",7822.560059,7848.359863,7813.600098,7837.129883,1838930000,7837.129883,2019-06-13
"2019-06-14",7807.189941,7819.209961,7778.120117,7796.660156,1804340000,7796.660156,2019-06-14
"2019-06-17",7819.430176,7865.97998,7812.609863,7845.02002,1935290000,7845.02002,2019-06-17
"2019-06-18",7920.97998,8005.209961,7911.669922,7953.879883,2244920000,7953.879883,2019-06-18
"2019-06-19",7970.259766,7998.589844,7930.379883,7987.319824,2014080000,7987.319824,2019-06-19
"2019-06-20",8087.450195,8088.879883,7996.870117,8051.339844,2053530000,8051.339844,2019-06-20
"2019-06-21",8028.689941,8073.02002,8011.200195,8031.709961,2894340000,8031.709961,2019-06-21
"2019-06-24",8040.580078,8047.560059,8004.629883,8005.700195,2070370000,8005.700195,2019-06-24
"2019-06-25",8005.27002,8007.310059,7879.149902,7884.720215,2127310000,7884.720215,2019-06-25
"2019-06-26",7933.919922,7974.279785,7903.069824,7909.970215,2104750000,7909.970215,2019-06-26
"2019-06-27",7939.359863,7976.580078,7935.470215,7967.759766,2023120000,7967.759766,2019-06-27
"2019-06-28",7988.759766,8010.149902,7961.459961,8006.240234,4078990000,8006.240234,2019-06-28
"2019-07-01",8145.850098,8150.450195,8059.290039,8091.160156,2208900000,8091.160156,2019-07-01
"2019-07-02",8086.649902,8109.370117,8063.109863,8109.089844,1946320000,8109.089844,2019-07-02
"2019-07-03",8129.569824,8170.22998,8122.339844,8170.22998,1548190000,8170.22998,2019-07-03
"2019-07-05",8123.279785,8171.970215,8093.660156,8161.790039,149410000,8161.790039,2019-07-05
"2019-07-08",8112.910156,8161.790039,8078.390137,8098.379883,177320000,8098.379883,2019-07-08
"2019-07-09",8061.410156,8146.97998,8061.319824,8141.72998,1866770000,8141.72998,2019-07-09
"2019-07-10",8183.189941,8228.599609,8160.560059,8202.530273,2060510000,8202.530273,2019-07-10
"2019-07-11",8219.280273,8226.179688,8171.629883,8196.040039,1966970000,8196.040039,2019-07-11
"2019-07-12",8209.200195,8245.660156,8201.519531,8244.139648,1824870000,8244.139648,2019-07-12
"2019-07-15",8263.179688,8264.780273,8236.269531,8258.19043,1783980000,8258.19043,2019-07-15
"2019-07-16",8251.660156,8259.75,8204.230469,8222.799805,1933960000,8222.799805,2019-07-16
"2019-07-17",8224,8230.669922,8184.660156,8185.209961,1846960000,8185.209961,2019-07-17
"2019-07-18",8151.759766,8215.580078,8135.120117,8207.240234,2016310000,8207.240234,2019-07-18
"2019-07-19",8241.339844,8245.780273,8144.629883,8146.490234,1878730000,8146.490234,2019-07-19
"2019-07-22",8171.990234,8218.419922,8171.540039,8204.139648,1845770000,8204.139648,2019-07-22
"2019-07-23",8242.5,8251.830078,8193.889648,8251.400391,1832220000,8251.400391,2019-07-23
"2019-07-24",8227.360352,8321.80957,8226.5,8321.5,1947550000,8321.5,2019-07-24
"2019-07-25",8294.679688,8295.950195,8233.400391,8238.540039,2023130000,8238.540039,2019-07-25
"2019-07-26",8294.299805,8339.639648,8291.120117,8330.209961,1954350000,8330.209961,2019-07-26
"2019-07-29",8325.099609,8325.280273,8247.370117,8293.330078,1874780000,8293.330078,2019-07-29
"2019-07-30",8231.769531,8295.459961,8228.019531,8273.610352,1884300000,8273.610352,2019-07-30
"2019-07-31",8290.799805,8299.830078,8110.02002,8175.419922,2667060000,8175.419922,2019-07-31
"2019-08-01",8190.560059,8311.040039,8080.52002,8111.120117,2792650000,8111.120117,2019-08-01
"2019-08-02",8056.419922,8068.799805,7953.669922,8004.069824,2252550000,8004.069824,2019-08-02
"2019-08-05",7823.330078,7836.450195,7662.899902,7726.040039,2636740000,7726.040039,2019-08-05
"2019-08-06",7804.509766,7845.009766,7739.569824,7833.27002,2201610000,7833.27002,2019-08-06
"2019-08-07",7747.27002,7881.379883,7702.419922,7862.830078,2453230000,7862.830078,2019-08-07
"2019-08-08",7921.589844,8041.120117,7896.149902,8039.160156,2415670000,8039.160156,2019-08-08
"2019-08-09",7997.189941,8020.560059,7910.350098,7959.140137,2224330000,7959.140137,2019-08-09
"2019-08-12",7907.490234,7924.990234,7833.790039,7863.410156,2056360000,7863.410156,2019-08-12
"2019-08-13",7852.370117,8065.240234,7851.580078,8016.359863,2346980000,8016.359863,2019-08-13
"2019-08-14",7877.330078,7900.279785,7762.870117,7773.939941,2522870000,7773.939941,2019-08-14
"2019-08-15",7790.200195,7805.930176,7716.549805,7766.620117,2182590000,7766.620117,2019-08-15
"2019-08-16",7828.350098,7907.52002,7828.350098,7895.990234,1995130000,7895.990234,2019-08-16
"2019-08-19",8006.180176,8026.75,7895.990234,8002.810059,1934980000,8002.810059,2019-08-19
"2019-08-20",7989.359863,8010.580078,7948.089844,7948.560059,1747580000,7948.560059,2019-08-20
"2019-08-21",8017.069824,8036.939941,7998.5,8020.209961,1716370000,8020.209961,2019-08-21
"2019-08-22",8038.790039,8048.580078,7937.120117,7991.390137,1777630000,7991.390137,2019-08-22
"2019-08-23",7943.649902,8005.339844,7730.77002,7751.77002,2207070000,7751.77002,2019-08-23
"2019-08-26",7829.580078,7856.040039,7789.049805,7853.740234,1688860000,7853.740234,2019-08-26
"2019-08-27",7908.779785,7916.830078,7795.180176,7826.950195,1913760000,7826.950195,2019-08-27
"2019-08-28",7798.350098,7866.870117,7766.669922,7856.879883,1656930000,7856.879883,2019-08-28
"2019-08-29",7945.779785,7992.290039,7925.830078,7973.390137,1700840000,7973.390137,2019-08-29
"2019-08-30",8015.160156,8017.910156,7914.740234,7962.879883,1665840000,7962.879883,2019-08-30
"2019-09-03",7906.439941,7940.370117,7847.319824,7874.160156,1936210000,7874.160156,2019-09-03
"2019-09-04",7949.810059,7981.410156,7928.939941,7976.879883,1891300000,7976.879883,2019-09-04
"2019-09-05",8061.290039,8134.419922,8061.290039,8116.830078,2096300000,8116.830078,2019-09-05
"2019-09-06",8125.580078,8134.390137,8098.52002,8103.069824,1876380000,8103.069824,2019-09-06
"2019-09-09",8130.910156,8131.660156,8052.339844,8087.439941,2172240000,8087.439941,2019-09-09
"2019-09-10",8049.97998,8086.529785,8001.680176,8084.160156,2362860000,8084.160156,2019-09-10
"2019-09-11",8091.680176,8169.680176,8081.560059,8169.680176,2310440000,8169.680176,2019-09-11
"2019-09-12",8206.580078,8243.799805,8176.72998,8194.469727,2159260000,8194.469727,2019-09-12
"2019-09-13",8190.569824,8210.200195,8165.470215,8176.709961,1976770000,8176.709961,2019-09-13
"2019-09-16",8121.640137,8165.330078,8121.25,8153.540039,1869220000,8153.540039,2019-09-16
"2019-09-17",8148.649902,8188.22998,8139.819824,8186.02002,1850340000,8186.02002,2019-09-17
"2019-09-18",8174.620117,8179.870117,8086.220215,8177.390137,2034880000,8177.390137,2019-09-18
"2019-09-19",8193.589844,8237.429688,8174.319824,8182.879883,1792700000,8182.879883,2019-09-19
"2019-09-20",8184.879883,8202.820313,8086.160156,8117.669922,3359380000,8117.669922,2019-09-20
"2019-09-23",8106.490234,8135.810059,8085.339844,8112.459961,1780160000,8112.459961,2019-09-23
"2019-09-24",8147.22998,8158.830078,7969.649902,7993.629883,2302600000,7993.629883,2019-09-24
"2019-09-25",7990.660156,8095,7935.569824,8077.379883,2015270000,8077.379883,2019-09-25
"2019-09-26",8070.120117,8072.109863,7991.02002,8030.660156,1832800000,8030.660156,2019-09-26
"2019-09-27",8047.109863,8051.830078,7890.279785,7939.629883,2037720000,7939.629883,2019-09-27
"2019-09-30",7964.089844,8012.160156,7949.629883,7999.339844,1805820000,7999.339844,2019-09-30
"2019-10-01",8026.830078,8062.5,7906.290039,7908.680176,2243650000,7908.680176,2019-10-01
"2019-10-02",7851.129883,7852.700195,7744.959961,7785.25,2495160000,7785.25,2019-10-02
"2019-10-03",7787.02002,7872.259766,7700,7872.259766,2141490000,7872.259766,2019-10-03
"2019-10-04",7908.439941,7986.620117,7899.390137,7982.470215,1736890000,7982.470215,2019-10-04
"2019-10-07",7956.410156,8013.310059,7942.080078,7956.290039,1739450000,7956.290039,2019-10-07
"2019-10-08",7898.27002,7921.879883,7823.72998,7823.779785,1933580000,7823.779785,2019-10-08
"2019-10-09",7895.959961,7930.919922,7873.52002,7903.740234,1553900000,7903.740234,2019-10-09
"2019-10-10",7904.560059,7982.839844,7899.810059,7950.779785,1778740000,7950.779785,2019-10-10
"2019-10-11",8047.339844,8115.799805,8046.799805,8057.040039,2176080000,8057.040039,2019-10-11
"2019-10-14",8044.350098,8069.850098,8036.410156,8048.649902,1419730000,8048.649902,2019-10-14
"2019-10-15",8074.850098,8166.180176,8071.810059,8148.709961,1836650000,8148.709961,2019-10-15
"2019-10-16",8119.810059,8146.149902,8103.379883,8124.180176,1886720000,8124.180176,2019-10-16
"2019-10-17",8176.910156,8183.640137,8131.25,8156.850098,1861570000,8156.850098,2019-10-17
"2019-10-18",8149.850098,8157.359863,8045.370117,8089.540039,2012930000,8089.540039,2019-10-18
"2019-10-21",8137.419922,8164.140137,8117.259766,8162.990234,1752860000,8162.990234,2019-10-21
"2019-10-22",8188.120117,8194.620117,8101.97998,8104.299805,1847200000,8104.299805,2019-10-22
"2019-10-23",8090.240234,8122.879883,8078.350098,8119.790039,1805030000,8119.790039,2019-10-23
"2019-10-24",8180.040039,8187.839844,8137.660156,8185.799805,1882490000,8185.799805,2019-10-24
"2019-10-25",8150.589844,8249.969727,8150.589844,8243.120117,1894740000,8243.120117,2019-10-25
"2019-10-28",8285.769531,8335.55957,8285.269531,8325.990234,1956280000,8325.990234,2019-10-28
"2019-10-29",8313.349609,8319.290039,8275.139648,8276.849609,1834530000,8276.849609,2019-10-29
"2019-10-30",8284.280273,8315.5,8241.700195,8303.980469,1928420000,8303.980469,2019-10-30
"2019-10-31",8314.379883,8321.799805,8248.80957,8292.360352,2258270000,8292.360352,2019-10-31
"2019-11-01",8335.049805,8386.75,8326.55957,8386.400391,2057310000,8386.400391,2019-11-01
"2019-11-04",8445.5,8451.370117,8421.299805,8433.200195,2149910000,8433.200195,2019-11-04
"2019-11-05",8446.620117,8457.389648,8421.049805,8434.679688,2316710000,8434.679688,2019-11-05
"2019-11-06",8426.570313,8426.570313,8379.330078,8410.629883,2332650000,8410.629883,2019-11-06
"2019-11-07",8455.110352,8483.160156,8415.870117,8434.519531,2393950000,8434.519531,2019-11-07
"2019-11-08",8422.669922,8475.570313,8405.889648,8475.30957,1974190000,8475.30957,2019-11-08
"2019-11-11",8431.259766,8467.290039,8425.480469,8464.280273,1715470000,8464.280273,2019-11-11
"2019-11-12",8471.070313,8514.839844,8462.990234,8486.089844,1987820000,8486.089844,2019-11-12
"2019-11-13",8455.019531,8496.900391,8451.339844,8482.099609,2173320000,8482.099609,2019-11-13
"2019-11-14",8461.05957,8485.360352,8441.580078,8479.019531,2106550000,8479.019531,2019-11-14
"2019-11-15",8524.480469,8540.830078,8506.799805,8540.830078,2188210000,8540.830078,2019-11-15
"2019-11-18",8529.160156,8559.780273,8503.620117,8549.94043,2047240000,8549.94043,2019-11-18
"2019-11-19",8578.019531,8589.759766,8536.730469,8570.660156,2.075e+09,8570.660156,2019-11-19
"2019-11-20",8543.570313,8578.269531,8468.629883,8526.730469,2596030000,8526.730469,2019-11-20
"2019-11-21",8527.870117,8530.730469,8487.290039,8506.209961,2056230000,8506.209961,2019-11-21
"2019-11-22",8530.540039,8535.459961,8477.490234,8519.879883,1877090000,8519.879883,2019-11-22
"2019-11-25",8559.650391,8633.150391,8559.650391,8632.490234,2256070000,8632.490234,2019-11-25
"2019-11-26",8635.400391,8659.730469,8625.620117,8647.929688,2434570000,8647.929688,2019-11-26
"2019-11-27",8669.589844,8705.910156,8662.580078,8705.179688,1744580000,8705.179688,2019-11-27
"2019-11-29",8682.009766,8697.320313,8664.040039,8665.469727,1099090000,8665.469727,2019-11-29
"2019-12-02",8672.839844,8672.839844,8540.160156,8567.990234,2225940000,8567.990234,2019-12-02
"2019-12-03",8460.719727,8523.980469,8435.400391,8520.639648,2308600000,8520.639648,2019-12-03
"2019-12-04",8557.450195,8584.879883,8552.379883,8566.669922,2150680000,8566.669922,2019-12-04
"2019-12-05",8587.929688,8588.889648,8541.919922,8570.700195,2123380000,8570.700195,2019-12-05
"2019-12-06",8634.25,8665.44043,8630.580078,8656.530273,2053530000,8656.530273,2019-12-06
"2019-12-09",8650.860352,8678.849609,8619.769531,8621.830078,2088520000,8621.830078,2019-12-09
"2019-12-10",8623.55957,8650.759766,8600.820313,8616.179688,2053390000,8616.179688,2019-12-10
"2019-12-11",8631.120117,8658.480469,8622.360352,8654.049805,1937850000,8654.049805,2019-12-11
"2019-12-12",8645.360352,8745.820313,8633.599609,8717.320313,2388270000,8717.320313,2019-12-12
"2019-12-13",8713.910156,8768.870117,8697.580078,8734.879883,2188720000,8734.879883,2019-12-13
"2019-12-16",8791.30957,8833.450195,8789.769531,8814.230469,2346290000,8814.230469,2019-12-16
"2019-12-17",8829.469727,8831.990234,8804.599609,8823.360352,2374120000,8823.360352,2019-12-17
"2019-12-18",8834.650391,8848.759766,8820.419922,8827.740234,2727870000,8827.740234,2019-12-18
"2019-12-19",8838.969727,8888.129883,8838.969727,8887.219727,2415950000,8887.219727,2019-12-19
"2019-12-20",8911.839844,8931.910156,8901.870117,8924.959961,3825460000,8924.959961,2019-12-20
"2019-12-23",8950.200195,8956.639648,8934.549805,8945.650391,2025450000,8945.650391,2019-12-23
"2019-12-24",8955.009766,8957.120117,8934.360352,8952.879883,1014520000,8952.879883,2019-12-24
"2019-12-26",8970.209961,9022.459961,8968.459961,9022.389648,1634920000,9022.389648,2019-12-26
"2019-12-27",9049.469727,9052,8987.320313,9006.620117,1832200000,9006.620117,2019-12-27
"2019-12-30",9004.450195,9006.360352,8909.19043,8945.990234,2042420000,8945.990234,2019-12-30
"2019-12-31",8918.740234,8975.360352,8912.769531,8972.599609,2182800000,8972.599609,2019-12-31
"2020-01-02",9039.459961,9093.429688,9010.889648,9092.19043,2848370000,9092.19043,2020-01-02
"2020-01-03",8976.429688,9065.759766,8976.429688,9020.769531,2567400000,9020.769531,2020-01-03
"2020-01-06",8943.5,9072.410156,8943.5,9071.469727,2788120000,9071.469727,2020-01-06
"2020-01-07",9076.639648,9091.929688,9042.549805,9068.580078,2352850000,9068.580078,2020-01-07
"2020-01-08",9068.030273,9168.889648,9059.379883,9129.240234,2464090000,9129.240234,2020-01-08
"2020-01-09",9202.269531,9215.950195,9158.5,9203.429688,2534700000,9203.429688,2020-01-09
"2020-01-10",9232.950195,9235.200195,9164.660156,9178.860352,2378990000,9178.860352,2020-01-10
"2020-01-13",9213.719727,9274.490234,9193.05957,9273.929688,2530270000,9273.929688,2020-01-13
"2020-01-14",9270.610352,9298.330078,9226.490234,9251.330078,2542170000,9251.330078,2020-01-14
"2020-01-15",9253.759766,9298.820313,9231.139648,9258.700195,2435650000,9258.700195,2020-01-15
"2020-01-16",9313.450195,9357.919922,9301.320313,9357.129883,2301400000,9357.129883,2020-01-16
"2020-01-17",9392.370117,9393.480469,9346.80957,9388.94043,2522670000,9388.94043,2020-01-17
"2020-01-21",9361.070313,9397.580078,9350.200195,9370.80957,2684540000,9370.80957,2020-01-21
"2020-01-22",9413.610352,9439.290039,9375.129883,9383.769531,2449390000,9383.769531,2020-01-22
"2020-01-23",9377.719727,9409.200195,9334.129883,9402.480469,2460050000,9402.480469,2020-01-23
"2020-01-24",9446.209961,9451.429688,9273.230469,9314.910156,2611710000,9314.910156,2020-01-24
"2020-01-27",9092.459961,9185.450195,9088.040039,9139.30957,2583330000,9139.30957,2020-01-27
"2020-01-28",9201.820313,9288.870117,9182.330078,9269.679688,2157830000,9269.679688,2020-01-28
"2020-01-29",9318.259766,9329.120117,9249.040039,9275.160156,2223480000,9275.160156,2020-01-29
"2020-01-30",9211.150391,9303,9185.179688,9298.929688,2333500000,9298.929688,2020-01-30
"2020-01-31",9324.330078,9324.799805,9123.219727,9150.94043,2685840000,9150.94043,2020-01-31
"2020-02-03",9190.719727,9299.849609,9188.549805,9273.400391,2420510000,9273.400391,2020-02-03
"2020-02-04",9398.389648,9485.379883,9374.049805,9467.969727,2445420000,9467.969727,2020-02-04
"2020-02-05",9574.099609,9574.94043,9454.929688,9508.679688,2462470000,9508.679688,2020-02-05
"2020-02-06",9540.980469,9575.660156,9505.679688,9572.150391,2267300000,9572.150391,2020-02-06
"2020-02-07",9526.639648,9570.089844,9496.530273,9520.509766,2238670000,9520.509766,2020-02-07
"2020-02-10",9493.629883,9628.660156,9493.629883,9628.389648,2179310000,9628.389648,2020-02-10
"2020-02-11",9680.889648,9714.740234,9617.209961,9638.94043,2423670000,9638.94043,2020-02-11
"2020-02-12",9688.599609,9728.769531,9666.69043,9725.959961,2.355e+09,9725.959961,2020-02-12
"2020-02-13",9657.040039,9748.320313,9650.019531,9711.969727,2239270000,9711.969727,2020-02-13
"2020-02-14",9728.900391,9746.360352,9693.049805,9731.179688,2222240000,9731.179688,2020-02-14
"2020-02-18",9679.040039,9747.679688,9675.799805,9732.740234,2273460000,9732.740234,2020-02-18
"2020-02-19",9782.80957,9838.370117,9777.099609,9817.179688,2462530000,9817.179688,2020-02-19
"2020-02-20",9799.200195,9820.860352,9636.94043,9750.969727,2735610000,9750.969727,2020-02-20
"2020-02-21",9708.009766,9715.950195,9542.330078,9576.589844,2743010000,9576.589844,2020-02-21
"2020-02-24",9188.44043,9322.879883,9166.009766,9221.280273,3.177e+09,9221.280273,2020-02-24
"2020-02-25",9301.200195,9315.259766,8940.490234,8965.610352,3583400000,8965.610352,2020-02-25
"2020-02-26",9011.549805,9148.320313,8927.799805,8980.780273,3567830000,8980.780273,2020-02-26
"2020-02-27",8744.030273,8904.110352,8562.049805,8566.480469,4536080000,8566.480469,2020-02-27
"2020-02-28",8269.740234,8591.820313,8264.160156,8567.370117,5301170000,8567.370117,2020-02-28
"2020-03-02",8667.139648,8952.80957,8543.349609,8952.169922,4232760000,8952.169922,2020-03-02
"2020-03-03",8965.099609,9070.320313,8602.889648,8684.089844,4336700000,8684.089844,2020-03-03
"2020-03-04",8834.099609,9019.959961,8757.660156,9018.089844,3602870000,9018.089844,2020-03-04
"2020-03-05",8790.089844,8921.080078,8677.389648,8738.589844,3748090000,8738.589844,2020-03-05
"2020-03-06",8469.019531,8612.360352,8375.129883,8575.620117,4279850000,8575.620117,2020-03-06
"2020-03-09",7957.930176,8243.30957,7943.160156,7950.680176,4530350000,7950.680176,2020-03-09
"2020-03-10",8219.759766,8347.400391,7930.430176,8344.25,4431930000,8344.25,2020-03-10
"2020-03-11",8136.25,8181.359863,7850.950195,7952.049805,4273890000,7952.049805,2020-03-11
"2020-03-12",7398.580078,7712.330078,7194.669922,7201.799805,5066530000,7201.799805,2020-03-12
"2020-03-13",7610.390137,7875.930176,7219.089844,7874.879883,4685890000,7874.879883,2020-03-13
"2020-03-16",7392.72998,7422.200195,6882.859863,6904.589844,4594360000,6904.589844,2020-03-16
"2020-03-17",7072,7406.22998,6828.910156,7334.779785,4.9e+09,7334.779785,2020-03-17
"2020-03-18",6902.319824,7182.830078,6686.359863,6989.839844,4890820000,6989.839844,2020-03-18
"2020-03-19",6996.450195,7341.379883,6858.379883,7150.580078,4762170000,7150.580078,2020-03-19
"2020-03-20",7248.069824,7354.439941,6854.669922,6879.52002,5239940000,6879.52002,2020-03-20
"2020-03-23",6847.279785,6984.939941,6631.419922,6860.669922,4330610000,6860.669922,2020-03-23
"2020-03-24",7196.149902,7418.370117,7169.859863,7417.859863,4417380000,7417.859863,2020-03-24
"2020-03-25",7421.359863,7671.209961,7276.399902,7384.299805,4666440000,7384.299805,2020-03-25
"2020-03-26",7462.209961,7809.830078,7462.209961,7797.540039,3999850000,7797.540039,2020-03-26
"2020-03-27",7554.25,7716.240234,7491.140137,7502.379883,3977010000,7502.379883,2020-03-27
"2020-03-30",7583.459961,7784.350098,7539.970215,7774.149902,3846900000,7774.149902,2020-03-30
"2020-03-31",7740.060059,7880.310059,7642.859863,7700.100098,4059700000,7700.100098,2020-03-31
"2020-04-01",7459.5,7566.370117,7301.97998,7360.580078,3685510000,7360.580078,2020-04-01
"2020-04-02",7317.450195,7501.700195,7307.950195,7487.310059,3608190000,7487.310059,2020-04-02
"2020-04-03",7477.27002,7518.720215,7288.109863,7373.080078,3279100000,7373.080078,2020-04-03
"2020-04-06",7660.169922,7938.330078,7617.790039,7913.240234,3849100000,7913.240234,2020-04-06
"2020-04-07",8129.990234,8146.430176,7881.220215,7887.259766,4069410000,7887.259766,2020-04-07
"2020-04-08",7975.720215,8114.430176,7901.939941,8090.899902,3470730000,8090.899902,2020-04-08
"2020-04-09",8169.009766,8227.910156,8072.319824,8153.580078,4123670000,8153.580078,2020-04-09
"2020-04-13",8127.689941,8200.44043,8035.950195,8192.419922,3146860000,8192.419922,2020-04-13
"2020-04-14",8353.209961,8531.110352,8338.080078,8515.740234,3732820000,8515.740234,2020-04-14
"2020-04-15",8355.959961,8464.660156,8308.790039,8393.179688,3333750000,8393.179688,2020-04-15
"2020-04-16",8479.110352,8560.160156,8393.269531,8532.360352,3995870000,8532.360352,2020-04-16
"2020-04-17",8667.480469,8670.299805,8531.69043,8650.139648,4335020000,8650.139648,2020-04-17
"2020-04-20",8553.379883,8684.910156,8553.379883,8560.730469,3796950000,8560.730469,2020-04-20
"2020-04-21",8460.69043,8480.290039,8215.69043,8263.230469,3756290000,8263.230469,2020-04-21
"2020-04-22",8434.549805,8537.30957,8404.540039,8495.379883,3025060000,8495.379883,2020-04-22
"2020-04-23",8528.839844,8635.230469,8475.200195,8494.75,3734720000,8494.75,2020-04-23
"2020-04-24",8530.080078,8642.929688,8464.419922,8634.519531,3673170000,8634.519531,2020-04-24
"2020-04-27",8717.980469,8754.570313,8697.370117,8730.160156,3678460000,8730.160156,2020-04-27
"2020-04-28",8825.69043,8830.570313,8600.700195,8607.730469,3707540000,8607.730469,2020-04-28
"2020-04-29",8802.700195,8957.269531,8765.009766,8914.709961,4378540000,8914.709961,2020-04-29
"2020-04-30",8911.019531,8926.110352,8825.830078,8889.549805,4316380000,8889.549805,2020-04-30
"2020-05-01",8681.290039,8754.459961,8566.839844,8604.950195,3722520000,8604.950195,2020-05-01
"2020-05-04",8555.320313,8715.820313,8537.830078,8710.709961,3422150000,8710.709961,2020-05-04
"2020-05-05",8809.660156,8909.959961,8781.30957,8809.120117,3913360000,8809.120117,2020-05-05
"2020-05-06",8874.700195,8933.25,8819.370117,8854.389648,3620030000,8854.389648,2020-05-06
"2020-05-07",8973.780273,9015.990234,8932.860352,8979.660156,3762070000,8979.660156,2020-05-07
"2020-05-08",9056.889648,9125.980469,9018.209961,9121.320313,3777340000,9121.320313,2020-05-08
"2020-05-11",9054.910156,9241.919922,9053.169922,9192.339844,3898690000,9192.339844,2020-05-11
"2020-05-12",9225.150391,9250.959961,9000.070313,9002.549805,4315070000,9002.549805,2020-05-12
"2020-05-13",9006.049805,9074.160156,8752.679688,8863.169922,4244110000,8863.169922,2020-05-13
"2020-05-14",8788.040039,8945.709961,8705.25,8943.719727,3945080000,8943.719727,2020-05-14
"2020-05-15",8839.990234,9018.400391,8821.379883,9014.55957,4221500000,9014.55957,2020-05-15
"2020-05-18",9177.150391,9267.219727,9154.349609,9234.830078,4318310000,9234.830078,2020-05-18
"2020-05-19",9227.459961,9317.25,9183.25,9185.099609,4144770000,9185.099609,2020-05-19
"2020-05-20",9305.620117,9392.820313,9304.200195,9375.780273,4292470000,9375.780273,2020-05-20
"2020-05-21",9375.19043,9405.25,9254.849609,9284.879883,3725950000,9284.879883,2020-05-21
"2020-05-22",9278.549805,9328.280273,9239.410156,9324.589844,3641830000,9324.589844,2020-05-22
"2020-05-26",9501.209961,9501.209961,9333.160156,9340.219727,4432310000,9340.219727,2020-05-26
"2020-05-27",9346.120117,9414.620117,9144.280273,9412.360352,4462450000,9412.360352,2020-05-27
"2020-05-28",9392.990234,9523.639648,9345.280273,9368.990234,4064220000,9368.990234,2020-05-28
"2020-05-29",9382.349609,9505.549805,9324.730469,9489.870117,4710060000,9489.870117,2020-05-29
"2020-06-01",9471.419922,9571.280273,9462.320313,9552.049805,3824770000,9552.049805,2020-06-01
"2020-06-02",9566.530273,9611.219727,9472.080078,9608.379883,3962460000,9608.379883,2020-06-02
"2020-06-03",9651.860352,9707.780273,9627.169922,9682.910156,4638380000,9682.910156,2020-06-03
"2020-06-04",9649.650391,9716.139648,9560.410156,9615.80957,6074320000,9615.80957,2020-06-04
"2020-06-05",9703.540039,9845.69043,9685.349609,9814.080078,6572850000,9814.080078,2020-06-05
"2020-06-08",9823.44043,9927.129883,9780.610352,9924.75,6143120000,9924.75,2020-06-08
"2020-06-09",9867.19043,10002.5,9863.269531,9953.75,5281860000,9953.75,2020-06-09
"2020-06-10",10012.320313,10086.889648,9962.580078,10020.349609,5128400000,10020.349609,2020-06-10
"2020-06-11",9791.240234,9868.080078,9491.30957,9492.730469,5.271e+09,9492.730469,2020-06-11
"2020-06-12",9715.870117,9768.639648,9413.620117,9588.80957,4366190000,9588.80957,2020-06-12
"2020-06-15",9426.900391,9756.070313,9403,9726.019531,4440650000,9726.019531,2020-06-15
"2020-06-16",9949.780273,9963.629883,9748.379883,9895.870117,4639860000,9895.870117,2020-06-16
"2020-06-17",9943.30957,9991.209961,9891.80957,9910.530273,4249680000,9910.530273,2020-06-17
"2020-06-18",9892.480469,9959.200195,9885.660156,9943.049805,4294740000,9943.049805,2020-06-18
"2020-06-19",10042.129883,10053.910156,9872.94043,9946.120117,6068130000,9946.120117,2020-06-19
"2020-06-22",9945.490234,10059.610352,9916.599609,10056.480469,4.468e+09,10056.480469,2020-06-22
"2020-06-23",10130.830078,10221.849609,10112.44043,10131.370117,5712450000,10131.370117,2020-06-23
"2020-06-24",10092.919922,10137.5,9842.219727,9909.169922,5549440000,9909.169922,2020-06-24
"2020-06-25",9899.360352,10023.280273,9810.469727,10017,4709620000,10017,2020-06-25
"2020-06-26",9995.120117,10000.669922,9749.070313,9757.219727,7279230000,9757.219727,2020-06-26
"2020-06-29",9771.719727,9877.339844,9663.610352,9874.150391,4306120000,9874.150391,2020-06-29
"2020-06-30",9875.290039,10085.589844,9863.669922,10058.769531,4.474e+09,10058.769531,2020-06-30
"2020-07-01",10063.669922,10197.19043,10048.040039,10154.629883,4595970000,10154.629883,2020-07-01
"2020-07-02",10268.669922,10310.360352,10194.05957,10207.629883,4017530000,10207.629883,2020-07-02
"2020-07-06",10360.379883,10462.049805,10354.980469,10433.650391,4529480000,10433.650391,2020-07-06
"2020-07-07",10412.459961,10518.980469,10337.980469,10343.889648,4314110000,10343.889648,2020-07-07
"2020-07-08",10409.349609,10494.629883,10350.959961,10492.5,3999180000,10492.5,2020-07-08
"2020-07-09",10563.719727,10578.099609,10379.910156,10547.75,3992920000,10547.75,2020-07-09
"2020-07-10",10545.910156,10622.349609,10447.009766,10617.44043,3509810000,10617.44043,2020-07-10
"2020-07-13",10729.919922,10824.780273,10368.040039,10390.839844,4822050000,10390.839844,2020-07-13
"2020-07-14",10310.25,10497.830078,10182.459961,10488.580078,4419480000,10488.580078,2020-07-14
"2020-07-15",10576.719727,10604.669922,10420.540039,10550.490234,4610540000,10550.490234,2020-07-15
"2020-07-16",10443.870117,10499.790039,10364.389648,10473.830078,4237290000,10473.830078,2020-07-16
"2020-07-17",10500.519531,10532.620117,10421.209961,10503.19043,4334280000,10503.19043,2020-07-17
"2020-07-20",10526.019531,10783.799805,10488.040039,10767.089844,4274340000,10767.089844,2020-07-20
"2020-07-21",10837.879883,10839.929688,10650.459961,10680.360352,5311750000,10680.360352,2020-07-21
"2020-07-22",10687.580078,10745.320313,10627.450195,10706.129883,4074020000,10706.129883,2020-07-22
"2020-07-23",10689.5,10728.120117,10407.870117,10461.419922,4469470000,10461.419922,2020-07-23
"2020-07-24",10294.410156,10418.75,10217.30957,10363.179688,4205330000,10363.179688,2020-07-24
"2020-07-27",10421.700195,10546.44043,10399.860352,10536.269531,4209900000,10536.269531,2020-07-27
"2020-07-28",10509.200195,10523.639648,10397.870117,10402.089844,3869230000,10402.089844,2020-07-28
"2020-07-29",10474.700195,10567.910156,10464,10542.94043,3970900000,10542.94043,2020-07-29
"2020-07-30",10450.120117,10609.589844,10412.089844,10587.80957,4135200000,10587.80957,2020-07-30
"2020-07-31",10741.469727,10747.799805,10557.700195,10745.269531,4418390000,10745.269531,2020-07-31
"2020-08-03",10848.639648,10927.55957,10831.150391,10902.799805,4173600000,10902.799805,2020-08-03
"2020-08-04",10897.889648,10941.910156,10852.900391,10941.169922,3973570000,10941.169922,2020-08-04
"2020-08-05",10967.870117,11002.110352,10943.719727,10998.400391,4119550000,10998.400391,2020-08-05
"2020-08-06",10989.980469,11121.19043,10963.410156,11108.070313,4086290000,11108.070313,2020-08-06
"2020-08-07",11072.530273,11126.040039,10920.370117,11010.980469,4230720000,11010.980469,2020-08-07
"2020-08-10",11033.730469,11040.240234,10849.459961,10968.360352,4018530000,10968.360352,2020-08-10
"2020-08-11",10942.660156,10989.419922,10762.709961,10782.820313,4303980000,10782.820313,2020-08-11
"2020-08-12",10878.120117,11036.719727,10877.160156,11012.240234,3716840000,11012.240234,2020-08-12
"2020-08-13",11026.860352,11124.849609,11007.5,11042.5,3444140000,11042.5,2020-08-13
"2020-08-14",11042.240234,11058.44043,10972.05957,11019.299805,3491320000,11019.299805,2020-08-14
"2020-08-17",11083.25,11144.530273,11080.299805,11129.730469,3193160000,11129.730469,2020-08-17
"2020-08-18",11170.75,11230.620117,11103.830078,11210.839844,3199470000,11210.839844,2020-08-18
"2020-08-19",11214.799805,11257.419922,11132.099609,11146.459961,3467890000,11146.459961,2020-08-19
"2020-08-20",11096.400391,11283.620117,11090.030273,11264.950195,4170980000,11264.950195,2020-08-20
"2020-08-21",11258.44043,11326.209961,11245.44043,11311.799805,3905670000,11311.799805,2020-08-21
"2020-08-24",11449.25,11462.049805,11297.530273,11379.719727,3885880000,11379.719727,2020-08-24
"2020-08-25",11370.230469,11468.259766,11343.040039,11466.469727,3454500000,11466.469727,2020-08-25
"2020-08-26",11516.620117,11672.049805,11507.459961,11665.05957,3441550000,11665.05957,2020-08-26
"2020-08-27",11688.19043,11730.009766,11551.009766,11625.339844,3535800000,11625.339844,2020-08-27
"2020-08-28",11689.280273,11708.769531,11634.769531,11695.629883,2997810000,11695.629883,2020-08-28
"2020-08-31",11718.80957,11829.839844,11697.419922,11775.459961,3596980000,11775.459961,2020-08-31
"2020-09-01",11850.959961,11945.719727,11794.780273,11939.669922,3480780000,11939.669922,2020-09-01
"2020-09-02",12047.259766,12074.05957,11836.179688,12056.44043,3966140000,12056.44043,2020-09-02
"2020-09-03",11861.900391,11894.400391,11361.360352,11458.099609,4437500000,11458.099609,2020-09-03
"2020-09-04",11396.240234,11531.179688,10875.870117,11313.129883,4269190000,11313.129883,2020-09-04
"2020-09-08",10900.700195,11131.5,10837.200195,10847.69043,3872230000,10847.69043,2020-09-08
"2020-09-09",11064.759766,11217.69043,10970.450195,11141.55957,3531780000,11141.55957,2020-09-09
"2020-09-10",11235.530273,11299.530273,10875.019531,10919.589844,3814100000,10919.589844,2020-09-10
"2020-09-11",11010.070313,11033.040039,10728.030273,10853.549805,3609190000,10853.549805,2020-09-11
"2020-09-14",11010.139648,11118.290039,10982.259766,11056.650391,3716820000,11056.650391,2020-09-14
"2020-09-15",11193.959961,11244.459961,11127.980469,11190.320313,3772820000,11190.320313,2020-09-15
"2020-09-16",11222.080078,11245.419922,11046.429688,11050.469727,3661710000,11050.469727,2020-09-16
"2020-09-17",10796.049805,10974.450195,10783.80957,10910.280273,3726750000,10910.280273,2020-09-17
"2020-09-18",10973.450195,10977.679688,10639.950195,10793.280273,5745690000,10793.280273,2020-09-18
"2020-09-21",10610.139648,10782.740234,10519.490234,10778.799805,3885200000,10778.799805,2020-09-21
"2020-09-22",10873.299805,10979.650391,10737.519531,10963.639648,3492020000,10963.639648,2020-09-22
"2020-09-23",10950.820313,10962.030273,10612.910156,10632.990234,4074600000,10632.990234,2020-09-23
"2020-09-24",10551.019531,10799.549805,10520.219727,10672.269531,4080730000,10672.269531,2020-09-24
"2020-09-25",10680.459961,10939.549805,10639.980469,10913.55957,3767230000,10913.55957,2020-09-25
"2020-09-28",11084.379883,11120.790039,11019.139648,11117.530273,3562900000,11117.530273,2020-09-28
"2020-09-29",11109,11153.230469,11065.629883,11085.25,3363870000,11085.25,2020-09-29
"2020-09-30",11092.900391,11277.959961,11092.900391,11167.509766,4228200000,11167.509766,2020-09-30
"2020-10-01",11291.990234,11344.129883,11240.530273,11326.509766,3978100000,11326.509766,2020-10-01
"2020-10-02",11082.530273,11244.870117,11033.69043,11075.019531,3715090000,11075.019531,2020-10-02
"2020-10-05",11169.110352,11335.209961,11162.519531,11332.490234,3597940000,11332.490234,2020-10-05
"2020-10-06",11314.530273,11392.410156,11124.450195,11154.599609,4360550000,11154.599609,2020-10-06
"2020-10-07",11271.679688,11380.55957,11258.349609,11364.599609,3891460000,11364.599609,2020-10-07
"2020-10-08",11443.349609,11448.230469,11384.330078,11420.980469,3486530000,11420.980469,2020-10-08
"2020-10-09",11487.599609,11581.230469,11476.660156,11579.94043,3475620000,11579.94043,2020-10-09
"2020-10-12",11732.330078,11965.540039,11704.129883,11876.259766,3862990000,11876.259766,2020-10-12
"2020-10-13",11901.759766,11946.980469,11821.830078,11863.900391,3607730000,11863.900391,2020-10-13
"2020-10-14",11889.070313,11939.919922,11714.349609,11768.730469,3393010000,11768.730469,2020-10-14
"2020-10-15",11559.879883,11740.679688,11559.099609,11713.870117,3304490000,11713.870117,2020-10-15
"2020-10-16",11761.830078,11827.419922,11648.530273,11671.55957,3156270000,11671.55957,2020-10-16
"2020-10-19",11732.339844,11778.110352,11454.570313,11478.879883,3455430000,11478.879883,2020-10-19
"2020-10-20",11531.830078,11632.889648,11471.230469,11516.490234,3483200000,11516.490234,2020-10-20
"2020-10-21",11530.389648,11613.790039,11476.080078,11484.69043,3445520000,11484.69043,2020-10-21
"2020-10-22",11526.969727,11548.769531,11369.290039,11506.009766,3414590000,11506.009766,2020-10-22
"2020-10-23",11536.009766,11548.849609,11434.860352,11548.280273,3134240000,11548.280273,2020-10-23
"2020-10-26",11440.639648,11545.629883,11221.05957,11358.94043,3186950000,11358.94043,2020-10-26
"2020-10-27",11409.339844,11465.05957,11361.860352,11431.349609,3079530000,11431.349609,2020-10-27
"2020-10-28",11230.900391,11249.950195,10999.070313,11004.870117,3912580000,11004.870117,2020-10-28
"2020-10-29",11064.469727,11287.629883,11030.19043,11185.589844,3222460000,11185.589844,2020-10-29
"2020-10-30",11103.469727,11129.80957,10822.570313,10911.589844,3662840000,10911.589844,2020-10-30
"2020-11-02",11010.450195,11071.080078,10830.950195,10957.610352,3196720000,10957.610352,2020-11-02
"2020-11-03",11038.660156,11213.919922,11004.839844,11160.570313,3190710000,11160.570313,2020-11-03
"2020-11-04",11443.769531,11663.30957,11394.209961,11590.780273,3606820000,11590.780273,2020-11-04
"2020-11-05",11816.330078,11924.280273,11784.150391,11890.929688,3823380000,11890.929688,2020-11-05
"2020-11-06",11869.900391,11920.540039,11737.129883,11895.230469,4156030000,11895.230469,2020-11-06
"2020-11-09",12046.660156,12108.070313,11703.490234,11713.780273,5823620000,11713.780273,2020-11-09
"2020-11-10",11622.44043,11665.870117,11424.610352,11553.860352,4712950000,11553.860352,2020-11-10
"2020-11-11",11656.650391,11793.570313,11638.900391,11786.429688,3823270000,11786.429688,2020-11-11
"2020-11-12",11802.5,11847.839844,11666.370117,11709.589844,3862690000,11709.589844,2020-11-12
"2020-11-13",11794.94043,11849.790039,11715.519531,11829.290039,3640680000,11829.290039,2020-11-13
"2020-11-16",11847.110352,11937.719727,11814.889648,11924.129883,4138920000,11924.129883,2020-11-16
"2020-11-17",11913.349609,11950.179688,11852.410156,11899.339844,4122770000,11899.339844,2020-11-17
"2020-11-18",11896.05957,11942.490234,11799.959961,11801.599609,4699160000,11801.599609,2020-11-18
"2020-11-19",11779.040039,11912.629883,11760.980469,11904.709961,5322580000,11904.709961,2020-11-19
"2020-11-20",11892.700195,11935.469727,11852.509766,11854.969727,5319340000,11854.969727,2020-11-20
"2020-11-23",11916.759766,11949.330078,11796.530273,11880.629883,5360830000,11880.629883,2020-11-23
"2020-11-24",11939.330078,12049.879883,11863.450195,12036.790039,6277790000,12036.790039,2020-11-24
"2020-11-25",12053.889648,12114.769531,12020.950195,12094.400391,4425030000,12094.400391,2020-11-25
"2020-11-27",12159.179688,12236.230469,12154.570313,12205.849609,3401890000,12205.849609,2020-11-27
"2020-11-30",12224.25,12244.650391,12027.160156,12198.740234,7693430000,12198.740234,2020-11-30
"2020-12-01",12313.360352,12405.790039,12263.929688,12355.110352,6467180000,12355.110352,2020-12-01
"2020-12-02",12285.75,12360.05957,12217.349609,12349.370117,5150820000,12349.370117,2020-12-02
"2020-12-03",12369.259766,12439.019531,12356.990234,12377.179688,5182100000,12377.179688,2020-12-03
"2020-12-04",12399.320313,12464.230469,12376.44043,12464.230469,5044210000,12464.230469,2020-12-04
"2020-12-07",12461,12536.230469,12460.549805,12519.950195,4741690000,12519.950195,2020-12-07
"2020-12-08",12503.169922,12594.540039,12453.209961,12582.769531,4758170000,12582.769531,2020-12-08
"2020-12-09",12591.69043,12607.139648,12290.780273,12338.950195,5131720000,12338.950195,2020-12-09
"2020-12-10",12247.549805,12431.55957,12214.740234,12405.80957,4470060000,12405.80957,2020-12-10
"2020-12-11",12336.790039,12383.5,12246.769531,12377.870117,4268140000,12377.870117,2020-12-11
"2020-12-14",12447.44043,12543,12432.709961,12440.040039,4458140000,12440.040039,2020-12-14
"2020-12-15",12543.259766,12596.129883,12465.419922,12595.05957,4377950000,12595.05957,2020-12-15
"2020-12-16",12611.040039,12687.320313,12566.379883,12658.19043,4561600000,12658.19043,2020-12-16
"2020-12-17",12730.780273,12765.25,12696.349609,12764.75,4994090000,12764.75,2020-12-17
"2020-12-18",12804.929688,12809.599609,12654.599609,12755.639648,7088670000,12755.639648,2020-12-18
"2020-12-21",12596.139648,12751.269531,12525.219727,12742.519531,5156470000,12742.519531,2020-12-21
"2020-12-22",12785.219727,12840.570313,12695.30957,12807.919922,5700760000,12807.919922,2020-12-22
"2020-12-23",12834.94043,12841.919922,12758.669922,12771.110352,7028650000,12771.110352,2020-12-23
"2020-12-24",12791.540039,12833.549805,12767.639648,12804.730469,3305950000,12804.730469,2020-12-24
"2020-12-28",12914.639648,12930.889648,12827.450195,12899.419922,5076340000,12899.419922,2020-12-28
"2020-12-29",12965.389648,12973.330078,12821.959961,12850.219727,4680780000,12850.219727,2020-12-29
"2020-12-30",12906.509766,12924.929688,12857.759766,12870,5292210000,12870,2020-12-30
"2020-12-31",12877.089844,12902.070313,12821.230469,12888.280273,4771390000,12888.280273,2020-12-31
"2021-01-04",12958.519531,12958.719727,12543.240234,12698.450195,6546740000,12698.450195,2021-01-04
"2021-01-05",12665.650391,12828.269531,12665.650391,12818.959961,6904420000,12818.959961,2021-01-05
"2021-01-06",12666.150391,12909.629883,12649.990234,12740.790039,7648340000,12740.790039,2021-01-06
"2021-01-07",12867.339844,13090.910156,12867.339844,13067.480469,6777010000,13067.480469,2021-01-07
"2021-01-08",13160.219727,13208.089844,13036.549805,13201.980469,7223660000,13201.980469,2021-01-08
"2021-01-11",13048.780273,13138.269531,12999.509766,13036.429688,6876420000,13036.429688,2021-01-11
"2021-01-12",13062.05957,13105.040039,12963.919922,13072.429688,7181380000,13072.429688,2021-01-12
"2021-01-13",13088.009766,13171.150391,13051.05957,13128.950195,7072920000,13128.950195,2021-01-13
"2021-01-14",13174.75,13220.160156,13098.410156,13112.639648,6671090000,13112.639648,2021-01-14
"2021-01-15",13099.900391,13139.830078,12949.759766,12998.5,6402970000,12998.5,2021-01-15
"2021-01-19",13132.730469,13206.860352,13078.700195,13197.179688,6229100000,13197.179688,2021-01-19
"2021-01-20",13342.549805,13486.129883,13329.769531,13457.25,6771630000,13457.25,2021-01-20
"2021-01-21",13521.480469,13560.349609,13454.070313,13530.910156,7183390000,13530.910156,2021-01-21
"2021-01-22",13474.80957,13567.139648,13463.660156,13543.05957,5931240000,13543.05957,2021-01-22
"2021-01-25",13681.209961,13728.980469,13368.679688,13635.990234,7139410000,13635.990234,2021-01-25
"2021-01-26",13681.719727,13702.69043,13603.19043,13626.05957,6781460000,13626.05957,2021-01-26
"2021-01-27",13486.580078,13538.419922,13192.910156,13270.599609,11102160000,13270.599609,2021-01-27
"2021-01-28",13323.290039,13507.639648,13316.519531,13337.160156,9823150000,13337.160156,2021-01-28
"2021-01-29",13284.719727,13322,12985.049805,13070.69043,7809670000,13070.69043,2021-01-29
"2021-02-01",13226.179688,13431.459961,13132.469727,13403.389648,7014220000,13403.389648,2021-02-01
"2021-02-02",13543.099609,13652.700195,13535.860352,13612.780273,7240220000,13612.780273,2021-02-02
"2021-02-03",13718.30957,13723.830078,13585.339844,13610.540039,7465240000,13610.540039,2021-02-03
"2021-02-04",13674.05957,13778.419922,13631.620117,13777.740234,7218680000,13777.740234,2021-02-04
"2021-02-05",13824.879883,13878.160156,13761.660156,13856.299805,6697720000,13856.299805,2021-02-05
"2021-02-08",13937.05957,13987.740234,13894.150391,13987.639648,8439940000,13987.639648,2021-02-08
"2021-02-09",13966.820313,14044.950195,13966.549805,14007.700195,8658980000,14007.700195,2021-02-09
"2021-02-10",14093.349609,14109.120117,13845.469727,13972.530273,10165550000,13972.530273,2021-02-10
"2021-02-11",14045.209961,14058.910156,13916.849609,14025.769531,10000200000,14025.769531,2021-02-11
"2021-02-12",13979.209961,14102.040039,13937.709961,14095.469727,7352960000,14095.469727,2021-02-12
"2021-02-16",14152.209961,14175.120117,13995.450195,14047.5,7646300000,14047.5,2021-02-16
"2021-02-17",13911.650391,13976.429688,13804.259766,13965.490234,7227140000,13965.490234,2021-02-17
"2021-02-18",13814.669922,13905.959961,13714.349609,13865.360352,6454280000,13865.360352,2021-02-18
"2021-02-19",13929.200195,13985.580078,13842.599609,13874.459961,6686060000,13874.459961,2021-02-19
"2021-02-22",13714.200195,13757.05957,13530.959961,13533.049805,6435100000,13533.049805,2021-02-22
"2021-02-23",13262.610352,13526.089844,13003.980469,13465.200195,7482840000,13465.200195,2021-02-23
"2021-02-24",13400.25,13607.360352,13286.589844,13597.969727,5793430000,13597.969727,2021-02-24
"2021-02-25",13512.639648,13602.860352,13066.379883,13119.429688,6335240000,13119.429688,2021-02-25
"2021-02-26",13232.900391,13368.05957,13024.530273,13192.349609,5883880000,13192.349609,2021-02-26
"2021-03-01",13406.160156,13596.589844,13362.660156,13588.830078,5047710000,13588.830078,2021-03-01
"2021-03-02",13599.450195,13601.330078,13352,13358.790039,4920320000,13358.790039,2021-03-02
"2021-03-03",13336.25,13372.519531,12995.070313,12997.75,5493960000,12997.75,2021-03-03
"2021-03-04",12953.990234,13068.709961,12553.959961,12723.469727,7799710000,12723.469727,2021-03-04
"2021-03-05",12860.040039,12941.209961,12397.049805,12920.150391,7696900000,12920.150391,2021-03-05
"2021-03-08",12904.259766,13001,12599.230469,12609.160156,5971260000,12609.160156,2021-03-08
"2021-03-09",12923.070313,13151.540039,12882.490234,13073.820313,6294910000,13073.820313,2021-03-09
"2021-03-10",13234.730469,13277.110352,13035.44043,13068.830078,5991730000,13068.830078,2021-03-10
"2021-03-11",13273.30957,13433.620117,13246.330078,13398.669922,5956260000,13398.669922,2021-03-11
"2021-03-12",13222.80957,13324.69043,13158.719727,13319.860352,5472340000,13319.860352,2021-03-12
"2021-03-15",13323.469727,13460.349609,13272.5,13459.709961,5933440000,13459.709961,2021-03-15
"2021-03-16",13523.169922,13620.709961,13397.080078,13471.570313,5463770000,13471.570313,2021-03-16
"2021-03-17",13336.910156,13595,13272.69043,13525.200195,5465500000,13525.200195,2021-03-17
"2021-03-18",13349.200195,13384.459961,13101.919922,13116.169922,5699900000,13116.169922,2021-03-18
"2021-03-19",13119.900391,13252.370117,13039.450195,13215.240234,7591530000,13215.240234,2021-03-19
"2021-03-22",13278.780273,13455.639648,13278.780273,13377.540039,5302770000,13377.540039,2021-03-22
"2021-03-23",13381.429688,13405.150391,13202.429688,13227.700195,5607860000,13227.700195,2021-03-23
"2021-03-24",13289.240234,13292.919922,12961.349609,12961.889648,6184470000,12961.889648,2021-03-24
"2021-03-25",12844.580078,13021.860352,12786.80957,12977.679688,5608640000,12977.679688,2021-03-25
"2021-03-26",12996.030273,13149.549805,12878.719727,13138.730469,5195330000,13138.730469,2021-03-26
"2021-03-29",13103.969727,13143.410156,12968.160156,13059.650391,4.934e+09,13059.650391,2021-03-29
"2021-03-30",13008.799805,13075.75,12922.570313,13045.389648,4685320000,13045.389648,2021-03-30
"2021-03-31",13122.570313,13325.540039,13118.379883,13246.870117,4980670000,13246.870117,2021-03-31
"2021-04-01",13414.320313,13487.080078,13404.179688,13480.110352,4553470000,13480.110352,2021-04-01
"2021-04-05",13594.900391,13720.580078,13582.759766,13705.589844,4439970000,13705.589844,2021-04-05
"2021-04-06",13681.669922,13776.709961,13674.280273,13698.379883,4038510000,13698.379883,2021-04-06
"2021-04-07",13675.299805,13733.030273,13653.589844,13688.839844,4078990000,13688.839844,2021-04-07
"2021-04-08",13796.889648,13830.139648,13758.709961,13829.30957,4133640000,13829.30957,2021-04-08
"2021-04-09",13787.019531,13905.410156,13748.349609,13900.19043,3906460000,13900.19043,2021-04-09
"2021-04-12",13854.44043,13877,13783.950195,13850,4230160000,13850,2021-04-12
"2021-04-13",13902.450195,14011.509766,13902.450195,13996.099609,4200290000,13996.099609,2021-04-13
"2021-04-14",14004.080078,14033.629883,13839.040039,13857.839844,4102380000,13857.839844,2021-04-14
"2021-04-15",13983.230469,14049.129883,13970.419922,14038.759766,4382620000,14038.759766,2021-04-15
"2021-04-16",14059.110352,14062.5,13977.049805,14052.339844,4414640000,14052.339844,2021-04-16
"2021-04-19",13984.580078,14041.790039,13842.570313,13914.769531,4349340000,13914.769531,2021-04-19
"2021-04-20",13894.459961,13927.669922,13698.669922,13786.269531,4229410000,13786.269531,2021-04-20
"2021-04-21",13745.769531,13951.349609,13706.860352,13950.219727,3967090000,13950.219727,2021-04-21
"2021-04-22",13952.570313,14015.870117,13771.040039,13818.410156,4397030000,13818.410156,2021-04-22
"2021-04-23",13861.370117,14062.740234,13856.830078,14016.80957,4332500000,14016.80957,2021-04-23
"2021-04-26",14052.379883,14154.030273,14019.5,14138.780273,4479480000,14138.780273,2021-04-26
"2021-04-27",14170.910156,14171.240234,14064.280273,14090.219727,4665430000,14090.219727,2021-04-27
"2021-04-28",14082.780273,14133.650391,14034.700195,14051.030273,4532050000,14051.030273,2021-04-28
"2021-04-29",14204.509766,14211.570313,13952.799805,14082.549805,4854340000,14082.549805,2021-04-29
"2021-04-30",13970.730469,14084.759766,13941.629883,13962.679688,4762770000,13962.679688,2021-04-30
"2021-05-03",14031.769531,14042.120117,13881.509766,13895.120117,4718850000,13895.120117,2021-05-03
"2021-05-04",13774.509766,13795.570313,13485.589844,13633.5,5852850000,13633.5,2021-05-04
"2021-05-05",13731.129883,13753.049805,13553.929688,13582.419922,4517100000,13582.419922,2021-05-05
"2021-05-06",13557.830078,13635.730469,13439.389648,13632.839844,5000710000,13632.839844,2021-05-06
"2021-05-07",13723.089844,13828.620117,13690.75,13752.240234,4376800000,13752.240234,2021-05-07
"2021-05-10",13687.589844,13687.929688,13401.740234,13401.860352,4795690000,13401.860352,2021-05-10
"2021-05-11",13115.849609,13423.30957,13107.669922,13389.429688,4719720000,13389.429688,2021-05-11
"2021-05-12",13215.490234,13288.610352,13002.540039,13031.679688,4730740000,13031.679688,2021-05-12
"2021-05-13",13150.94043,13247.870117,13007.240234,13124.990234,4681530000,13124.990234,2021-05-13
"2021-05-14",13255.650391,13460.879883,13242.969727,13429.980469,4008110000,13429.980469,2021-05-14
"2021-05-17",13368.799805,13399.169922,13265.400391,13379.049805,3980630000,13379.049805,2021-05-17
"2021-05-18",13416.900391,13485.339844,13299.929688,13303.639648,4283680000,13303.639648,2021-05-18
"2021-05-19",13078.19043,13304.610352,13072.230469,13299.740234,4314980000,13299.740234,2021-05-19
"2021-05-20",13356.629883,13563.519531,13355.709961,13535.740234,3972730000,13535.740234,2021-05-20
"2021-05-21",13616.19043,13616.580078,13463.259766,13470.990234,3704590000,13470.990234,2021-05-21
"2021-05-24",13557.209961,13708.849609,13551.009766,13661.169922,3490650000,13661.169922,2021-05-24
"2021-05-25",13721.540039,13751.139648,13631.799805,13657.169922,4084480000,13657.169922,2021-05-25
"2021-05-26",13693.94043,13750.160156,13679.589844,13738,4231140000,13738,2021-05-26
"2021-05-27",13742.589844,13776.519531,13701.629883,13736.280273,5057550000,13736.280273,2021-05-27
"2021-05-28",13792.049805,13820.870117,13747.610352,13748.740234,4435220000,13748.740234,2021-05-28
"2021-06-01",13829.05957,13836.169922,13678.769531,13736.480469,4155670000,13736.480469,2021-06-01
"2021-06-02",13743.240234,13775.889648,13689.740234,13756.330078,5059810000,13756.330078,2021-06-02
"2021-06-03",13655.75,13684.129883,13548.929688,13614.509766,5367460000,13614.509766,2021-06-03
"2021-06-04",13697.25,13826.820313,13692.009766,13814.490234,4341800000,13814.490234,2021-06-04
"2021-06-07",13802.820313,13889.110352,13784.889648,13881.719727,4602940000,13881.719727,2021-06-07
"2021-06-08",13946.320313,13981.719727,13831.980469,13924.910156,5894140000,13924.910156,2021-06-08
"2021-06-09",13980.230469,14003.5,13906.450195,13911.75,5607720000,13911.75,2021-06-09
"2021-06-10",13933.879883,14031.19043,13904.400391,14020.330078,4889500000,14020.330078,2021-06-10
