"","GSPC.Open","GSPC.High","GSPC.Low","GSPC.Close","GSPC.Volume","GSPC.Adjusted","date"
"2019-01-02",2476.959961,2519.48999,2467.469971,2510.030029,3733160000,2510.030029,2019-01-02
"2019-01-03",2491.919922,2493.139893,2443.959961,2447.889893,3822860000,2447.889893,2019-01-03
"2019-01-04",2474.330078,2538.070068,2474.330078,2531.939941,4213410000,2531.939941,2019-01-04
"2019-01-07",2535.610107,2566.159912,2524.560059,2549.689941,4104710000,2549.689941,2019-01-07
"2019-01-08",2568.110107,2579.820068,2547.560059,2574.409912,4083030000,2574.409912,2019-01-08
"2019-01-09",2580,2595.320068,2568.889893,2584.959961,4052480000,2584.959961,2019-01-09
"2019-01-10",2573.51001,2597.820068,2562.02002,2596.639893,3704500000,2596.639893,2019-01-10
"2019-01-11",2588.110107,2596.27002,2577.399902,2596.26001,3434490000,2596.26001,2019-01-11
"2019-01-14",2580.310059,2589.320068,2570.409912,2582.610107,3664450000,2582.610107,2019-01-14
"2019-01-15",2585.100098,2613.080078,2585.100098,2610.300049,3572330000,2610.300049,2019-01-15
"2019-01-16",2614.75,2625.76001,2612.679932,2616.100098,3863770000,2616.100098,2019-01-16
"2019-01-17",2609.280029,2645.060059,2606.360107,2635.959961,3772270000,2635.959961,2019-01-17
"2019-01-18",2651.27002,2675.469971,2647.580078,2670.709961,3986730000,2670.709961,2019-01-18
"2019-01-22",2657.879883,2657.879883,2617.27002,2632.899902,3908030000,2632.899902,2019-01-22
"2019-01-23",2643.47998,2653.189941,2612.860107,2638.699951,3335610000,2638.699951,2019-01-23
"2019-01-24",2638.840088,2647.199951,2627.01001,2642.330078,3433250000,2642.330078,2019-01-24
"2019-01-25",2657.439941,2672.379883,2657.330078,2664.76001,3814080000,2664.76001,2019-01-25
"2019-01-28",2644.969971,2644.969971,2624.060059,2643.850098,3612810000,2643.850098,2019-01-28
"2019-01-29",2644.889893,2650.929932,2631.050049,2640,3504200000,2640,2019-01-29
"2019-01-30",2653.620117,2690.439941,2648.340088,2681.050049,3867810000,2681.050049,2019-01-30
"2019-01-31",2685.48999,2708.949951,2678.649902,2704.100098,4917650000,2704.100098,2019-01-31
"2019-02-01",2702.320068,2716.659912,2696.879883,2706.530029,3759270000,2706.530029,2019-02-01
"2019-02-04",2706.48999,2724.98999,2698.75,2724.870117,3359840000,2724.870117,2019-02-04
"2019-02-05",2728.340088,2738.97998,2724.030029,2737.699951,3560430000,2737.699951,2019-02-05
"2019-02-06",2735.050049,2738.080078,2724.149902,2731.610107,3472690000,2731.610107,2019-02-06
"2019-02-07",2717.530029,2719.320068,2687.26001,2706.050049,4099490000,2706.050049,2019-02-07
"2019-02-08",2692.360107,2708.070068,2681.830078,2707.879883,3622330000,2707.879883,2019-02-08
"2019-02-11",2712.399902,2718.050049,2703.790039,2709.800049,3361970000,2709.800049,2019-02-11
"2019-02-12",2722.610107,2748.189941,2722.610107,2744.72998,3827770000,2744.72998,2019-02-12
"2019-02-13",2750.300049,2761.850098,2748.629883,2753.030029,3670770000,2753.030029,2019-02-13
"2019-02-14",2743.5,2757.899902,2731.22998,2745.72998,3836700000,2745.72998,2019-02-14
"2019-02-15",2760.23999,2775.659912,2760.23999,2775.600098,3641370000,2775.600098,2019-02-15
"2019-02-19",2769.280029,2787.330078,2767.290039,2779.76001,3533710000,2779.76001,2019-02-19
"2019-02-20",2779.050049,2789.879883,2774.060059,2784.699951,3835450000,2784.699951,2019-02-20
"2019-02-21",2780.23999,2781.580078,2764.550049,2774.879883,3559710000,2774.879883,2019-02-21
"2019-02-22",2780.669922,2794.199951,2779.110107,2792.669922,3427810000,2792.669922,2019-02-22
"2019-02-25",2804.350098,2813.48999,2794.98999,2796.110107,3804380000,2796.110107,2019-02-25
"2019-02-26",2792.360107,2803.120117,2789.469971,2793.899902,3645680000,2793.899902,2019-02-26
"2019-02-27",2787.5,2795.76001,2775.129883,2792.379883,3767130000,2792.379883,2019-02-27
"2019-02-28",2788.110107,2793.72998,2782.51001,2784.48999,4396930000,2784.48999,2019-02-28
"2019-03-01",2798.219971,2808.02002,2787.379883,2803.689941,3972280000,2803.689941,2019-03-01
"2019-03-04",2814.370117,2816.879883,2767.659912,2792.810059,3919810000,2792.810059,2019-03-04
"2019-03-05",2794.409912,2796.439941,2782.969971,2789.649902,3585690000,2789.649902,2019-03-05
"2019-03-06",2790.27002,2790.27002,2768.689941,2771.449951,3786600000,2771.449951,2019-03-06
"2019-03-07",2766.530029,2767.25,2739.090088,2748.929932,3904860000,2748.929932,2019-03-07
"2019-03-08",2730.790039,2744.129883,2722.27002,2743.070068,3423130000,2743.070068,2019-03-08
"2019-03-11",2747.610107,2784,2747.610107,2783.300049,3749030000,2783.300049,2019-03-11
"2019-03-12",2787.340088,2798.320068,2786.72998,2791.52002,3414230000,2791.52002,2019-03-12
"2019-03-13",2799.780029,2821.23999,2799.780029,2810.919922,3766150000,2810.919922,2019-03-13
"2019-03-14",2810.379883,2815,2803.459961,2808.47998,3469730000,2808.47998,2019-03-14
"2019-03-15",2810.790039,2830.72998,2810.790039,2822.47998,5962730000,2822.47998,2019-03-15
"2019-03-18",2822.610107,2835.409912,2821.98999,2832.939941,3552190000,2832.939941,2019-03-18
"2019-03-19",2840.76001,2852.419922,2823.27002,2832.570068,3620220000,2832.570068,2019-03-19
"2019-03-20",2831.340088,2843.540039,2812.429932,2824.22998,3771200000,2824.22998,2019-03-20
"2019-03-21",2819.719971,2860.310059,2817.379883,2854.879883,3546800000,2854.879883,2019-03-21
"2019-03-22",2844.52002,2846.159912,2800.469971,2800.709961,4237200000,2800.709961,2019-03-22
"2019-03-25",2796.01001,2809.790039,2785.02002,2798.360107,3376580000,2798.360107,2019-03-25
"2019-03-26",2812.659912,2829.870117,2803.98999,2818.459961,3266050000,2818.459961,2019-03-26
"2019-03-27",2819.719971,2825.560059,2787.719971,2805.370117,3372930000,2805.370117,2019-03-27
"2019-03-28",2809.399902,2819.709961,2798.77002,2815.439941,3158170000,2815.439941,2019-03-28
"2019-03-29",2828.27002,2836.030029,2819.22998,2834.399902,3740700000,2834.399902,2019-03-29
"2019-04-01",2848.629883,2869.399902,2848.629883,2867.189941,3500760000,2867.189941,2019-04-01
"2019-04-02",2868.23999,2872.899902,2858.75,2867.23999,3246900000,2867.23999,2019-04-02
"2019-04-03",2876.090088,2885.25,2865.169922,2873.399902,3550240000,2873.399902,2019-04-03
"2019-04-04",2873.98999,2881.280029,2867.139893,2879.389893,3015180000,2879.389893,2019-04-04
"2019-04-05",2884.159912,2893.23999,2882.98999,2892.73999,3146820000,2892.73999,2019-04-05
"2019-04-08",2888.459961,2895.949951,2880.780029,2895.77002,3054030000,2895.77002,2019-04-08
"2019-04-09",2886.580078,2886.879883,2873.330078,2878.199951,3007980000,2878.199951,2019-04-09
"2019-04-10",2881.370117,2889.709961,2879.129883,2888.209961,3062380000,2888.209961,2019-04-10
"2019-04-11",2891.919922,2893.419922,2881.98999,2888.320068,2938540000,2888.320068,2019-04-11
"2019-04-12",2900.860107,2910.540039,2898.370117,2907.409912,3688490000,2907.409912,2019-04-12
"2019-04-15",2908.320068,2909.600098,2896.47998,2905.580078,3088330000,2905.580078,2019-04-15
"2019-04-16",2912.26001,2916.060059,2900.709961,2907.060059,3402210000,2907.060059,2019-04-16
"2019-04-17",2916.040039,2918,2895.449951,2900.449951,3602300000,2900.449951,2019-04-17
"2019-04-18",2904.810059,2908.399902,2891.899902,2905.030029,3506850000,2905.030029,2019-04-18
"2019-04-22",2898.780029,2909.51001,2896.350098,2907.969971,2997950000,2907.969971,2019-04-22
"2019-04-23",2909.98999,2936.310059,2908.530029,2933.679932,3635030000,2933.679932,2019-04-23
"2019-04-24",2934,2936.830078,2926.050049,2927.25,3448960000,2927.25,2019-04-24
"2019-04-25",2928.98999,2933.100098,2912.840088,2926.169922,3425280000,2926.169922,2019-04-25
"2019-04-26",2925.810059,2939.879883,2917.560059,2939.879883,3248500000,2939.879883,2019-04-26
"2019-04-29",2940.580078,2949.52002,2939.350098,2943.030029,3118780000,2943.030029,2019-04-29
"2019-04-30",2937.139893,2948.219971,2924.110107,2945.830078,3919330000,2945.830078,2019-04-30
"2019-05-01",2952.330078,2954.129883,2923.360107,2923.72998,3645850000,2923.72998,2019-05-01
"2019-05-02",2922.159912,2931.679932,2900.5,2917.52002,3778890000,2917.52002,2019-05-02
"2019-05-03",2929.209961,2947.850098,2929.209961,2945.639893,3338120000,2945.639893,2019-05-03
"2019-05-06",2908.889893,2937.320068,2898.209961,2932.469971,3181520000,2932.469971,2019-05-06
"2019-05-07",2913.030029,2913.030029,2862.600098,2884.050049,3767100000,2884.050049,2019-05-07
"2019-05-08",2879.610107,2897.959961,2873.280029,2879.419922,3485790000,2879.419922,2019-05-08
"2019-05-09",2859.840088,2875.969971,2836.399902,2870.719971,3638820000,2870.719971,2019-05-09
"2019-05-10",2863.100098,2891.310059,2825.389893,2881.399902,3529600000,2881.399902,2019-05-10
"2019-05-13",2840.189941,2840.189941,2801.429932,2811.870117,3894030000,2811.870117,2019-05-13
"2019-05-14",2820.120117,2852.540039,2820.120117,2834.409912,3322720000,2834.409912,2019-05-14
"2019-05-15",2820.379883,2858.679932,2815.080078,2850.959961,3125950000,2850.959961,2019-05-15
"2019-05-16",2855.800049,2892.149902,2855.800049,2876.320068,3338060000,2876.320068,2019-05-16
"2019-05-17",2858.600098,2885.47998,2854.22998,2859.530029,3257950000,2859.530029,2019-05-17
"2019-05-20",2841.939941,2853.860107,2831.290039,2840.22998,3288870000,2840.22998,2019-05-20
"2019-05-21",2854.02002,2868.879883,2854.02002,2864.360107,3218700000,2864.360107,2019-05-21
"2019-05-22",2856.060059,2865.469971,2851.110107,2856.27002,3192510000,2856.27002,2019-05-22
"2019-05-23",2836.699951,2836.699951,2805.48999,2822.23999,3891980000,2822.23999,2019-05-23
"2019-05-24",2832.409912,2841.360107,2820.189941,2826.060059,2887390000,2826.060059,2019-05-24
"2019-05-28",2830.030029,2840.51001,2801.580078,2802.389893,4121410000,2802.389893,2019-05-28
"2019-05-29",2790.25,2792.030029,2766.060059,2783.02002,3700050000,2783.02002,2019-05-29
"2019-05-30",2786.939941,2799,2776.73999,2788.860107,3273790000,2788.860107,2019-05-30
"2019-05-31",2766.149902,2768.97998,2750.52002,2752.060059,3981020000,2752.060059,2019-05-31
"2019-06-03",2751.530029,2763.070068,2728.810059,2744.449951,3966700000,2744.449951,2019-06-03
"2019-06-04",2762.639893,2804.48999,2762.639893,2803.27002,3810430000,2803.27002,2019-06-04
"2019-06-05",2818.090088,2827.280029,2800.919922,2826.149902,3548830000,2826.149902,2019-06-05
"2019-06-06",2828.51001,2852.100098,2822.449951,2843.48999,3396410000,2843.48999,2019-06-06
"2019-06-07",2852.870117,2884.969971,2852.870117,2873.340088,3220250000,2873.340088,2019-06-07
"2019-06-10",2885.830078,2904.77002,2885.51001,2886.72998,3209210000,2886.72998,2019-06-10
"2019-06-11",2903.27002,2910.610107,2878.530029,2885.719971,3548420000,2885.719971,2019-06-11
"2019-06-12",2882.72998,2888.570068,2874.679932,2879.840088,3034130000,2879.840088,2019-06-12
"2019-06-13",2886.23999,2895.23999,2881.98999,2891.639893,3069810000,2891.639893,2019-06-13
"2019-06-14",2886.820068,2894.449951,2879.620117,2886.97998,2922330000,2886.97998,2019-06-14
"2019-06-17",2889.75,2897.27002,2887.300049,2889.669922,2810140000,2889.669922,2019-06-17
"2019-06-18",2906.709961,2930.790039,2905.439941,2917.75,3437620000,2917.75,2019-06-18
"2019-06-19",2920.550049,2931.73999,2911.429932,2926.459961,3287890000,2926.459961,2019-06-19
"2019-06-20",2949.600098,2958.060059,2931.5,2954.179932,3905940000,2954.179932,2019-06-20
"2019-06-21",2952.709961,2964.149902,2946.870117,2950.459961,5000120000,2950.459961,2019-06-21
"2019-06-24",2951.419922,2954.919922,2944.050049,2945.350098,3136250000,2945.350098,2019-06-24
"2019-06-25",2945.780029,2946.52002,2916.01001,2917.379883,3578050000,2917.379883,2019-06-25
"2019-06-26",2926.070068,2932.590088,2912.98999,2913.780029,3478130000,2913.780029,2019-06-26
"2019-06-27",2919.659912,2929.300049,2918.570068,2924.919922,3122920000,2924.919922,2019-06-27
"2019-06-28",2932.939941,2943.97998,2929.050049,2941.76001,5420700000,2941.76001,2019-06-28
"2019-07-01",2971.409912,2977.929932,2952.219971,2964.330078,3513270000,2964.330078,2019-07-01
"2019-07-02",2964.659912,2973.209961,2955.919922,2973.01001,3206840000,2973.01001,2019-07-02
"2019-07-03",2978.080078,2995.840088,2977.959961,2995.820068,1963720000,2995.820068,2019-07-03
"2019-07-05",2984.25,2994.030029,2967.969971,2990.409912,2434210000,2990.409912,2019-07-05
"2019-07-08",2979.77002,2980.76001,2970.090088,2975.949951,2904550000,2975.949951,2019-07-08
"2019-07-09",2965.52002,2981.899902,2963.439941,2979.629883,3028210000,2979.629883,2019-07-09
"2019-07-10",2989.300049,3002.97998,2984.620117,2993.070068,3154240000,2993.070068,2019-07-10
"2019-07-11",2999.620117,3002.330078,2988.800049,2999.909912,3154620000,2999.909912,2019-07-11
"2019-07-12",3003.360107,3013.919922,3001.870117,3013.77002,2974960000,3013.77002,2019-07-12
"2019-07-15",3017.800049,3017.800049,3008.77002,3014.300049,2874970000,3014.300049,2019-07-15
"2019-07-16",3012.129883,3015.02002,3001.149902,3004.040039,3290650000,3004.040039,2019-07-16
"2019-07-17",3005.100098,3005.26001,2984.25,2984.419922,3181600000,2984.419922,2019-07-17
"2019-07-18",2978.870117,2998.280029,2973.090088,2995.110107,3296580000,2995.110107,2019-07-18
"2019-07-19",3004.26001,3006.02002,2975.860107,2976.610107,3260360000,2976.610107,2019-07-19
"2019-07-22",2981.929932,2990.709961,2976.649902,2985.030029,3003720000,2985.030029,2019-07-22
"2019-07-23",2994.73999,3005.899902,2988.560059,3005.469971,3313660000,3005.469971,2019-07-23
"2019-07-24",2998.77002,3019.590088,2996.820068,3019.560059,3428980000,3019.560059,2019-07-24
"2019-07-25",3016.26001,3016.310059,2997.23999,3003.669922,3645270000,3003.669922,2019-07-25
"2019-07-26",3013.25,3027.97998,3012.590088,3025.860107,3257590000,3025.860107,2019-07-26
"2019-07-29",3024.469971,3025.610107,3014.300049,3020.969971,3203710000,3020.969971,2019-07-29
"2019-07-30",3007.659912,3017.189941,3000.939941,3013.179932,3634330000,3013.179932,2019-07-30
"2019-07-31",3016.219971,3017.399902,2958.080078,2980.379883,4623430000,2980.379883,2019-07-31
"2019-08-01",2980.320068,3013.590088,2945.22998,2953.560059,4762300000,2953.560059,2019-08-01
"2019-08-02",2943.899902,2945.5,2914.110107,2932.050049,3874660000,2932.050049,2019-08-02
"2019-08-05",2898.070068,2898.070068,2822.120117,2844.73999,4513730000,2844.73999,2019-08-05
"2019-08-06",2861.179932,2884.399902,2847.419922,2881.77002,4154240000,2881.77002,2019-08-06
"2019-08-07",2858.649902,2892.169922,2825.709961,2883.97998,4491750000,2883.97998,2019-08-07
"2019-08-08",2896.209961,2938.719971,2894.469971,2938.090088,4106370000,2938.090088,2019-08-08
"2019-08-09",2930.51001,2935.75,2900.149902,2918.649902,3350640000,2918.649902,2019-08-09
"2019-08-12",2907.070068,2907.580078,2873.139893,2882.699951,2851630000,2882.699951,2019-08-12
"2019-08-13",2880.719971,2943.310059,2877.050049,2926.320068,3853600000,2926.320068,2019-08-13
"2019-08-14",2894.149902,2894.149902,2839.639893,2840.600098,4312530000,2840.600098,2019-08-14
"2019-08-15",2846.199951,2856.669922,2825.51001,2847.600098,4.038e+09,2847.600098,2019-08-15
"2019-08-16",2864.73999,2893.629883,2864.73999,2888.679932,3498150000,2888.679932,2019-08-16
"2019-08-19",2913.47998,2931,2913.47998,2923.649902,3212880000,2923.649902,2019-08-19
"2019-08-20",2919.01001,2923.629883,2899.600098,2900.51001,3066300000,2900.51001,2019-08-20
"2019-08-21",2922.040039,2928.72998,2917.909912,2924.429932,3011190000,2924.429932,2019-08-21
"2019-08-22",2930.939941,2939.080078,2904.51001,2922.949951,2890880000,2922.949951,2019-08-22
"2019-08-23",2911.070068,2927.01001,2834.969971,2847.110107,3937300000,2847.110107,2019-08-23
"2019-08-26",2866.699951,2879.27002,2856,2878.379883,2857600000,2878.379883,2019-08-26
"2019-08-27",2893.139893,2898.790039,2860.590088,2869.159912,3533630000,2869.159912,2019-08-27
"2019-08-28",2861.280029,2890.030029,2853.050049,2887.939941,3097420000,2887.939941,2019-08-28
"2019-08-29",2910.370117,2930.5,2905.669922,2924.580078,3176190000,2924.580078,2019-08-29
"2019-08-30",2937.090088,2940.429932,2913.320068,2926.459961,3008450000,2926.459961,2019-08-30
"2019-09-03",2909.01001,2914.389893,2891.850098,2906.27002,3426790000,2906.27002,2019-09-03
"2019-09-04",2924.669922,2938.840088,2921.860107,2937.780029,3163260000,2937.780029,2019-09-04
"2019-09-05",2960.600098,2985.860107,2960.600098,2976,3890700000,2976,2019-09-05
"2019-09-06",2980.330078,2985.030029,2972.51001,2978.709961,3208280000,2978.709961,2019-09-06
"2019-09-09",2988.429932,2989.429932,2969.389893,2978.429932,4002890000,2978.429932,2019-09-09
"2019-09-10",2971.01001,2979.389893,2957.01001,2979.389893,4390770000,2979.389893,2019-09-10
"2019-09-11",2981.409912,3000.929932,2975.310059,3000.929932,3927550000,3000.929932,2019-09-11
"2019-09-12",3009.080078,3020.73999,3000.919922,3009.570068,3791860000,3009.570068,2019-09-12
"2019-09-13",3012.209961,3017.330078,3002.899902,3007.389893,3520060000,3007.389893,2019-09-13
"2019-09-16",2996.409912,3002.189941,2990.669922,2997.959961,4274640000,2997.959961,2019-09-16
"2019-09-17",2995.669922,3006.209961,2993.72998,3005.699951,3671840000,3005.699951,2019-09-17
"2019-09-18",3001.5,3007.830078,2978.570068,3006.72998,3435540000,3006.72998,2019-09-18
"2019-09-19",3010.360107,3021.98999,3003.159912,3006.790039,3251290000,3006.790039,2019-09-19
"2019-09-20",3008.419922,3016.370117,2984.679932,2992.070068,6094740000,2992.070068,2019-09-20
"2019-09-23",2983.5,2999.149902,2982.22998,2991.780029,3186590000,2991.780029,2019-09-23
"2019-09-24",3002.429932,3007.97998,2957.72998,2966.600098,3868160000,2966.600098,2019-09-24
"2019-09-25",2968.350098,2989.820068,2952.860107,2984.870117,3318870000,2984.870117,2019-09-25
"2019-09-26",2985.72998,2987.280029,2963.709961,2977.620117,3077240000,2977.620117,2019-09-26
"2019-09-27",2985.469971,2987.310059,2945.530029,2961.790039,3243650000,2961.790039,2019-09-27
"2019-09-30",2967.070068,2983.850098,2967.070068,2976.73999,3247610000,2976.73999,2019-09-30
"2019-10-01",2983.689941,2992.530029,2938.699951,2940.25,3558040000,2940.25,2019-10-01
"2019-10-02",2924.780029,2924.780029,2874.929932,2887.610107,3912520000,2887.610107,2019-10-02
"2019-10-03",2885.379883,2911.129883,2855.939941,2910.629883,3503640000,2910.629883,2019-10-03
"2019-10-04",2918.560059,2953.73999,2918.560059,2952.01001,2990830000,2952.01001,2019-10-04
"2019-10-07",2944.22998,2959.75,2935.679932,2938.790039,2940140000,2938.790039,2019-10-07
"2019-10-08",2920.399902,2925.469971,2892.659912,2893.060059,3356450000,2893.060059,2019-10-08
"2019-10-09",2911.100098,2929.320068,2907.409912,2919.399902,2726820000,2919.399902,2019-10-09
"2019-10-10",2918.550049,2948.459961,2917.120117,2938.129883,3217250000,2938.129883,2019-10-10
"2019-10-11",2963.070068,2993.280029,2963.070068,2970.27002,3580460000,2970.27002,2019-10-11
"2019-10-14",2965.810059,2972.840088,2962.939941,2966.149902,2557020000,2966.149902,2019-10-14
"2019-10-15",2973.610107,3003.280029,2973.610107,2995.679932,3340740000,2995.679932,2019-10-15
"2019-10-16",2989.679932,2997.540039,2985.199951,2989.689941,3222570000,2989.689941,2019-10-16
"2019-10-17",3000.77002,3008.290039,2991.790039,2997.949951,3115960000,2997.949951,2019-10-17
"2019-10-18",2996.840088,3000,2976.310059,2986.199951,3264290000,2986.199951,2019-10-18
"2019-10-21",2996.47998,3007.330078,2995.350098,3006.719971,3271620000,3006.719971,2019-10-21
"2019-10-22",3010.72998,3014.570068,2995.040039,2995.98999,3523890000,2995.98999,2019-10-22
"2019-10-23",2994.01001,3004.780029,2991.209961,3004.52002,3392870000,3004.52002,2019-10-23
"2019-10-24",3014.780029,3016.070068,3000.419922,3010.290039,3692600000,3010.290039,2019-10-24
"2019-10-25",3003.320068,3027.389893,3001.939941,3022.550049,3370370000,3022.550049,2019-10-25
"2019-10-28",3032.120117,3044.080078,3032.120117,3039.419922,3521230000,3039.419922,2019-10-28
"2019-10-29",3035.389893,3047.870117,3034.810059,3036.889893,3589930000,3036.889893,2019-10-29
"2019-10-30",3039.73999,3050.100098,3025.959961,3046.77002,3776030000,3046.77002,2019-10-30
"2019-10-31",3046.899902,3046.899902,3023.189941,3037.560059,4139280000,3037.560059,2019-10-31
"2019-11-01",3050.719971,3066.949951,3050.719971,3066.909912,3930200000,3066.909912,2019-11-01
"2019-11-04",3078.959961,3085.199951,3074.870117,3078.27002,4146850000,3078.27002,2019-11-04
"2019-11-05",3080.800049,3083.949951,3072.149902,3074.620117,4486130000,3074.620117,2019-11-05
"2019-11-06",3075.100098,3078.340088,3065.889893,3076.780029,4458190000,3076.780029,2019-11-06
"2019-11-07",3087.02002,3097.77002,3080.22998,3085.179932,4144640000,3085.179932,2019-11-07
"2019-11-08",3081.25,3093.090088,3073.580078,3093.080078,3499150000,3093.080078,2019-11-08
"2019-11-11",3080.330078,3088.330078,3075.820068,3087.01001,3035530000,3087.01001,2019-11-11
"2019-11-12",3089.280029,3102.610107,3084.72998,3091.840088,3466010000,3091.840088,2019-11-12
"2019-11-13",3084.179932,3098.060059,3078.800049,3094.040039,3509280000,3094.040039,2019-11-13
"2019-11-14",3090.75,3098.199951,3083.26001,3096.629883,3276070000,3096.629883,2019-11-14
"2019-11-15",3107.919922,3120.459961,3104.600098,3120.459961,3335650000,3120.459961,2019-11-15
"2019-11-18",3117.909912,3124.169922,3112.060059,3122.030029,3436690000,3122.030029,2019-11-18
"2019-11-19",3127.449951,3127.639893,3113.469971,3120.179932,3590070000,3120.179932,2019-11-19
"2019-11-20",3114.659912,3118.969971,3091.409912,3108.459961,4034890000,3108.459961,2019-11-20
"2019-11-21",3108.48999,3110.110107,3094.550049,3103.540039,3720560000,3103.540039,2019-11-21
"2019-11-22",3111.409912,3112.870117,3099.26001,3110.290039,3226780000,3110.290039,2019-11-22
"2019-11-25",3117.439941,3133.830078,3117.439941,3133.639893,3511530000,3133.639893,2019-11-25
"2019-11-26",3134.850098,3142.689941,3131,3140.52002,4595590000,3140.52002,2019-11-26
"2019-11-27",3145.48999,3154.26001,3143.409912,3153.629883,3033090000,3153.629883,2019-11-27
"2019-11-29",3147.179932,3150.300049,3139.340088,3140.97998,1743020000,3140.97998,2019-11-29
"2019-12-02",3143.850098,3144.310059,3110.780029,3113.870117,3268740000,3113.870117,2019-12-02
"2019-12-03",3087.409912,3094.969971,3070.330078,3093.199951,3653390000,3093.199951,2019-12-03
"2019-12-04",3103.5,3119.379883,3102.530029,3112.76001,3695030000,3112.76001,2019-12-04
"2019-12-05",3119.209961,3119.449951,3103.76001,3117.429932,3355750000,3117.429932,2019-12-05
"2019-12-06",3134.620117,3150.600098,3134.620117,3145.909912,3479480000,3145.909912,2019-12-06
"2019-12-09",3141.860107,3148.870117,3135.459961,3135.959961,3345990000,3135.959961,2019-12-09
"2019-12-10",3135.360107,3142.120117,3126.090088,3132.52002,3343790000,3132.52002,2019-12-10
"2019-12-11",3135.75,3143.97998,3133.209961,3141.629883,3252540000,3141.629883,2019-12-11
"2019-12-12",3141.22998,3176.280029,3138.469971,3168.570068,3990690000,3168.570068,2019-12-12
"2019-12-13",3166.649902,3182.679932,3156.51001,3168.800049,3736870000,3168.800049,2019-12-13
"2019-12-16",3183.629883,3197.709961,3183.629883,3191.449951,4051790000,3191.449951,2019-12-16
"2019-12-17",3195.399902,3198.219971,3191.030029,3192.52002,3837540000,3192.52002,2019-12-17
"2019-12-18",3195.209961,3198.47998,3191.139893,3191.139893,4014080000,3191.139893,2019-12-18
"2019-12-19",3192.320068,3205.47998,3192.320068,3205.370117,3720450000,3205.370117,2019-12-19
"2019-12-20",3223.330078,3225.649902,3216.030029,3221.219971,6454270000,3221.219971,2019-12-20
"2019-12-23",3226.050049,3227.780029,3222.300049,3224.01001,3060610000,3224.01001,2019-12-23
"2019-12-24",3225.449951,3226.429932,3220.51001,3223.379883,1296540000,3223.379883,2019-12-24
"2019-12-26",3227.199951,3240.080078,3227.199951,3239.909912,2160680000,3239.909912,2019-12-26
"2019-12-27",3247.22998,3247.929932,3234.370117,3240.02002,2428670000,3240.02002,2019-12-27
"2019-12-30",3240.090088,3240.919922,3216.570068,3221.290039,3013290000,3221.290039,2019-12-30
"2019-12-31",3215.179932,3231.719971,3212.030029,3230.780029,2893810000,3230.780029,2019-12-31
"2020-01-02",3244.669922,3258.139893,3235.530029,3257.850098,3458250000,3257.850098,2020-01-02
"2020-01-03",3226.360107,3246.149902,3222.340088,3234.850098,3461290000,3234.850098,2020-01-03
"2020-01-06",3217.550049,3246.840088,3214.639893,3246.280029,3674070000,3246.280029,2020-01-06
"2020-01-07",3241.860107,3244.909912,3232.429932,3237.179932,3420380000,3237.179932,2020-01-07
"2020-01-08",3238.590088,3267.070068,3236.669922,3253.050049,3720890000,3253.050049,2020-01-08
"2020-01-09",3266.030029,3275.580078,3263.669922,3274.699951,3638390000,3274.699951,2020-01-09
"2020-01-10",3281.810059,3282.98999,3260.860107,3265.350098,3212970000,3265.350098,2020-01-10
"2020-01-13",3271.129883,3288.129883,3268.429932,3288.129883,3456380000,3288.129883,2020-01-13
"2020-01-14",3285.350098,3294.25,3277.189941,3283.149902,3665130000,3283.149902,2020-01-14
"2020-01-15",3282.27002,3298.659912,3280.689941,3289.290039,3716840000,3289.290039,2020-01-15
"2020-01-16",3302.969971,3317.110107,3302.820068,3316.810059,3535080000,3316.810059,2020-01-16
"2020-01-17",3323.659912,3329.879883,3318.860107,3329.620117,3698170000,3329.620117,2020-01-17
"2020-01-21",3321.030029,3329.790039,3316.610107,3320.790039,4105340000,3320.790039,2020-01-21
"2020-01-22",3330.02002,3337.77002,3320.040039,3321.75,3619850000,3321.75,2020-01-22
"2020-01-23",3315.77002,3326.879883,3301.870117,3325.540039,3764860000,3325.540039,2020-01-23
"2020-01-24",3333.100098,3333.179932,3281.530029,3295.469971,3707130000,3295.469971,2020-01-24
"2020-01-27",3247.159912,3258.850098,3234.5,3243.629883,3823100000,3243.629883,2020-01-27
"2020-01-28",3255.350098,3285.780029,3253.219971,3276.23999,3526720000,3276.23999,2020-01-28
"2020-01-29",3289.459961,3293.469971,3271.889893,3273.399902,3584500000,3273.399902,2020-01-29
"2020-01-30",3256.449951,3285.909912,3242.800049,3283.659912,3787250000,3283.659912,2020-01-30
"2020-01-31",3282.330078,3282.330078,3214.679932,3225.52002,4527830000,3225.52002,2020-01-31
"2020-02-03",3235.659912,3268.439941,3235.659912,3248.919922,3757910000,3248.919922,2020-02-03
"2020-02-04",3280.610107,3306.919922,3280.610107,3297.590088,3995320000,3297.590088,2020-02-04
"2020-02-05",3324.909912,3337.580078,3313.75,3334.689941,4117730000,3334.689941,2020-02-05
"2020-02-06",3344.919922,3347.959961,3334.389893,3345.780029,3868370000,3345.780029,2020-02-06
"2020-02-07",3335.540039,3341.419922,3322.120117,3327.709961,3730650000,3327.709961,2020-02-07
"2020-02-10",3318.280029,3352.26001,3317.77002,3352.090088,3450350000,3352.090088,2020-02-10
"2020-02-11",3365.870117,3375.629883,3352.719971,3357.75,3760550000,3357.75,2020-02-11
"2020-02-12",3370.5,3381.469971,3369.719971,3379.449951,3926380000,3379.449951,2020-02-12
"2020-02-13",3365.899902,3385.090088,3360.52002,3373.939941,3498240000,3373.939941,2020-02-13
"2020-02-14",3378.080078,3380.689941,3366.149902,3380.159912,3398040000,3380.159912,2020-02-14
"2020-02-18",3369.040039,3375.01001,3355.610107,3370.290039,3746720000,3370.290039,2020-02-18
"2020-02-19",3380.389893,3393.52002,3378.830078,3386.149902,3600150000,3386.149902,2020-02-19
"2020-02-20",3380.449951,3389.149902,3341.02002,3373.22998,4007320000,3373.22998,2020-02-20
"2020-02-21",3360.5,3360.76001,3328.449951,3337.75,3899270000,3337.75,2020-02-21
"2020-02-24",3257.610107,3259.810059,3214.649902,3225.889893,4842960000,3225.889893,2020-02-24
"2020-02-25",3238.939941,3246.98999,3118.77002,3128.209961,5591510000,3128.209961,2020-02-25
"2020-02-26",3139.899902,3182.51001,3108.98999,3116.389893,5478110000,3116.389893,2020-02-26
"2020-02-27",3062.540039,3097.070068,2977.389893,2978.76001,7058840000,2978.76001,2020-02-27
"2020-02-28",2916.899902,2959.719971,2855.840088,2954.219971,8563850000,2954.219971,2020-02-28
"2020-03-02",2974.280029,3090.959961,2945.189941,3090.22998,6376400000,3090.22998,2020-03-02
"2020-03-03",3096.459961,3136.719971,2976.629883,3003.370117,6355940000,3003.370117,2020-03-03
"2020-03-04",3045.75,3130.969971,3034.379883,3130.120117,5035480000,3130.120117,2020-03-04
"2020-03-05",3075.699951,3083.040039,2999.830078,3023.939941,5575550000,3023.939941,2020-03-05
"2020-03-06",2954.199951,2985.929932,2901.540039,2972.370117,6552140000,2972.370117,2020-03-06
"2020-03-09",2863.889893,2863.889893,2734.429932,2746.560059,8423050000,2746.560059,2020-03-09
"2020-03-10",2813.47998,2882.590088,2734,2882.22998,7635960000,2882.22998,2020-03-10
"2020-03-11",2825.600098,2825.600098,2707.219971,2741.379883,7374110000,2741.379883,2020-03-11
"2020-03-12",2630.860107,2660.949951,2478.860107,2480.639893,8829380000,2480.639893,2020-03-12
"2020-03-13",2569.98999,2711.330078,2492.370117,2711.02002,8258670000,2711.02002,2020-03-13
"2020-03-16",2508.590088,2562.97998,2380.939941,2386.129883,7781540000,2386.129883,2020-03-16
"2020-03-17",2425.659912,2553.929932,2367.040039,2529.189941,8358500000,2529.189941,2020-03-17
"2020-03-18",2436.5,2453.570068,2280.52002,2398.100098,8755780000,2398.100098,2020-03-18
"2020-03-19",2393.47998,2466.969971,2319.780029,2409.389893,7946710000,2409.389893,2020-03-19
"2020-03-20",2431.939941,2453.01001,2295.560059,2304.919922,9044690000,2304.919922,2020-03-20
"2020-03-23",2290.709961,2300.72998,2191.860107,2237.399902,7402180000,2237.399902,2020-03-23
"2020-03-24",2344.439941,2449.709961,2344.439941,2447.330078,7547350000,2447.330078,2020-03-24
"2020-03-25",2457.77002,2571.419922,2407.530029,2475.560059,8285670000,2475.560059,2020-03-25
"2020-03-26",2501.290039,2637.01001,2500.719971,2630.070068,7753160000,2630.070068,2020-03-26
"2020-03-27",2555.870117,2615.909912,2520.02002,2541.469971,6194330000,2541.469971,2020-03-27
"2020-03-30",2558.97998,2631.800049,2545.280029,2626.649902,5746220000,2626.649902,2020-03-30
"2020-03-31",2614.689941,2641.389893,2571.149902,2584.590088,6568290000,2584.590088,2020-03-31
"2020-04-01",2498.080078,2522.75,2447.48999,2470.5,5947900000,2470.5,2020-04-01
"2020-04-02",2458.540039,2533.219971,2455.790039,2526.899902,6454990000,2526.899902,2020-04-02
"2020-04-03",2514.919922,2538.179932,2459.959961,2488.649902,6087190000,2488.649902,2020-04-03
"2020-04-06",2578.280029,2676.850098,2574.570068,2663.679932,6391860000,2663.679932,2020-04-06
"2020-04-07",2738.649902,2756.889893,2657.669922,2659.409912,7040720000,2659.409912,2020-04-07
"2020-04-08",2685,2760.75,2663.300049,2749.97998,5856370000,2749.97998,2020-04-08
"2020-04-09",2776.98999,2818.570068,2762.360107,2789.820068,7880140000,2789.820068,2020-04-09
"2020-04-13",2782.459961,2782.459961,2721.169922,2761.629883,5274310000,2761.629883,2020-04-13
"2020-04-14",2805.100098,2851.850098,2805.100098,2846.060059,5567400000,2846.060059,2020-04-14
"2020-04-15",2795.639893,2801.879883,2761.540039,2783.360107,5203390000,2783.360107,2020-04-15
"2020-04-16",2799.340088,2806.51001,2764.320068,2799.550049,5179990000,2799.550049,2020-04-16
"2020-04-17",2842.429932,2879.219971,2830.879883,2874.560059,5792140000,2874.560059,2020-04-17
"2020-04-20",2845.620117,2868.97998,2820.429932,2823.159912,5220160000,2823.159912,2020-04-20
"2020-04-21",2784.810059,2785.540039,2727.100098,2736.560059,5075830000,2736.560059,2020-04-21
"2020-04-22",2787.889893,2815.100098,2775.949951,2799.310059,5049660000,2799.310059,2020-04-22
"2020-04-23",2810.419922,2844.899902,2794.26001,2797.800049,5756520000,2797.800049,2020-04-23
"2020-04-24",2812.639893,2842.709961,2791.76001,2836.73999,5374480000,2836.73999,2020-04-24
"2020-04-27",2854.649902,2887.719971,2852.889893,2878.47998,5194260000,2878.47998,2020-04-27
"2020-04-28",2909.959961,2921.149902,2860.709961,2863.389893,5672880000,2863.389893,2020-04-28
"2020-04-29",2918.459961,2954.860107,2912.159912,2939.51001,6620140000,2939.51001,2020-04-29
"2020-04-30",2930.909912,2930.909912,2892.469971,2912.429932,6523120000,2912.429932,2020-04-30
"2020-05-01",2869.090088,2869.090088,2821.610107,2830.709961,4753160000,2830.709961,2020-05-01
"2020-05-04",2815.01001,2844.23999,2797.850098,2842.73999,4723140000,2842.73999,2020-05-04
"2020-05-05",2868.879883,2898.22998,2863.550049,2868.439941,5129590000,2868.439941,2020-05-05
"2020-05-06",2883.139893,2891.110107,2847.649902,2848.419922,4861920000,2848.419922,2020-05-06
"2020-05-07",2878.26001,2901.919922,2876.47998,2881.189941,5164640000,2881.189941,2020-05-07
"2020-05-08",2908.830078,2932.159912,2902.879883,2929.800049,4857160000,2929.800049,2020-05-08
"2020-05-11",2915.459961,2944.25,2903.439941,2930.189941,4807320000,2930.189941,2020-05-11
"2020-05-12",2939.5,2945.820068,2869.590088,2870.120117,5107710000,2870.120117,2020-05-12
"2020-05-13",2865.860107,2874.139893,2793.149902,2820,6143130000,2820,2020-05-13
"2020-05-14",2794.540039,2852.800049,2766.639893,2852.5,5641920000,2852.5,2020-05-14
"2020-05-15",2829.949951,2865.01001,2816.780029,2863.699951,5477040000,2863.699951,2020-05-15
"2020-05-18",2913.860107,2968.090088,2913.860107,2953.909912,6364290000,2953.909912,2020-05-18
"2020-05-19",2948.590088,2964.209961,2922.350098,2922.939941,4969330000,2922.939941,2020-05-19
"2020-05-20",2953.629883,2980.290039,2953.629883,2971.610107,4992970000,2971.610107,2020-05-20
"2020-05-21",2969.949951,2978.5,2938.570068,2948.51001,4966940000,2948.51001,2020-05-21
"2020-05-22",2948.050049,2956.76001,2933.590088,2955.449951,3952800000,2955.449951,2020-05-22
"2020-05-26",3004.080078,3021.719971,2988.169922,2991.77002,5837060000,2991.77002,2020-05-26
"2020-05-27",3015.649902,3036.25,2969.75,3036.129883,6371230000,3036.129883,2020-05-27
"2020-05-28",3046.610107,3068.669922,3023.399902,3029.72998,5402670000,3029.72998,2020-05-28
"2020-05-29",3025.169922,3049.169922,2998.610107,3044.310059,7275080000,3044.310059,2020-05-29
"2020-06-01",3038.780029,3062.179932,3031.540039,3055.72998,4673410000,3055.72998,2020-06-01
"2020-06-02",3064.780029,3081.070068,3051.639893,3080.820068,5187230000,3080.820068,2020-06-02
"2020-06-03",3098.899902,3130.939941,3098.899902,3122.870117,5989560000,3122.870117,2020-06-03
"2020-06-04",3111.560059,3128.909912,3090.409912,3112.350098,6428130000,3112.350098,2020-06-04
"2020-06-05",3163.840088,3211.719971,3163.840088,3193.929932,8617590000,3193.929932,2020-06-05
"2020-06-08",3199.919922,3233.129883,3196,3232.389893,8437380000,3232.389893,2020-06-08
"2020-06-09",3213.320068,3222.709961,3193.110107,3207.179932,6382620000,3207.179932,2020-06-09
"2020-06-10",3213.419922,3223.27002,3181.48999,3190.139893,6570840000,3190.139893,2020-06-10
"2020-06-11",3123.530029,3123.530029,2999.48999,3002.100098,7018890000,3002.100098,2020-06-11
"2020-06-12",3071.040039,3088.419922,2984.469971,3041.310059,5832250000,3041.310059,2020-06-12
"2020-06-15",2993.76001,3079.76001,2965.659912,3066.590088,5740660000,3066.590088,2020-06-15
"2020-06-16",3131,3153.449951,3076.060059,3124.73999,5829240000,3124.73999,2020-06-16
"2020-06-17",3136.129883,3141.159912,3108.030029,3113.48999,4549390000,3113.48999,2020-06-17
"2020-06-18",3101.639893,3120,3093.51001,3115.340088,4429030000,3115.340088,2020-06-18
"2020-06-19",3140.290039,3155.530029,3083.110107,3097.73999,8327780000,3097.73999,2020-06-19
"2020-06-22",3094.419922,3120.919922,3079.389893,3117.860107,4665380000,3117.860107,2020-06-22
"2020-06-23",3138.699951,3154.899902,3127.120117,3131.290039,4704830000,3131.290039,2020-06-23
"2020-06-24",3114.399902,3115.01001,3032.129883,3050.330078,5587200000,3050.330078,2020-06-24
"2020-06-25",3046.600098,3086.25,3024.01001,3083.76001,4815420000,3083.76001,2020-06-25
"2020-06-26",3073.199951,3073.72998,3004.629883,3009.050049,8098120000,3009.050049,2020-06-26
"2020-06-29",3018.590088,3053.889893,2999.73999,3053.23999,4462770000,3053.23999,2020-06-29
"2020-06-30",3050.199951,3111.51001,3047.830078,3100.290039,4696280000,3100.290039,2020-06-30
"2020-07-01",3105.919922,3128.439941,3101.169922,3115.860107,4443130000,3115.860107,2020-07-01
"2020-07-02",3143.639893,3165.810059,3124.52002,3130.01001,4190830000,3130.01001,2020-07-02
"2020-07-06",3155.290039,3182.590088,3155.290039,3179.719971,4736450000,3179.719971,2020-07-06
"2020-07-07",3166.439941,3184.149902,3142.929932,3145.320068,4563700000,3145.320068,2020-07-07
"2020-07-08",3153.070068,3171.800049,3136.530029,3169.939941,4927700000,3169.939941,2020-07-08
"2020-07-09",3176.169922,3179.780029,3115.699951,3152.050049,4829020000,3152.050049,2020-07-09
"2020-07-10",3152.469971,3186.820068,3136.219971,3185.040039,4515340000,3185.040039,2020-07-10
"2020-07-13",3205.080078,3235.320068,3149.429932,3155.219971,4890780000,3155.219971,2020-07-13
"2020-07-14",3141.110107,3200.949951,3127.659912,3197.52002,4476170000,3197.52002,2020-07-14
"2020-07-15",3225.97998,3238.280029,3200.76001,3226.560059,4669760000,3226.560059,2020-07-15
"2020-07-16",3208.360107,3220.389893,3198.590088,3215.570068,3961230000,3215.570068,2020-07-16
"2020-07-17",3224.209961,3233.52002,3205.649902,3224.72998,3993830000,3224.72998,2020-07-17
"2020-07-20",3224.290039,3258.610107,3215.159912,3251.840088,3971200000,3251.840088,2020-07-20
"2020-07-21",3268.52002,3277.290039,3247.77002,3257.300049,4547960000,3257.300049,2020-07-21
"2020-07-22",3254.860107,3279.320068,3253.100098,3276.02002,4255190000,3276.02002,2020-07-22
"2020-07-23",3271.639893,3279.98999,3222.659912,3235.659912,4290460000,3235.659912,2020-07-23
"2020-07-24",3218.580078,3227.26001,3200.050049,3215.629883,3894900000,3215.629883,2020-07-24
"2020-07-27",3219.840088,3241.429932,3214.25,3239.409912,3963910000,3239.409912,2020-07-27
"2020-07-28",3234.27002,3243.719971,3216.169922,3218.439941,4027890000,3218.439941,2020-07-28
"2020-07-29",3227.219971,3264.73999,3227.219971,3258.439941,4676300000,3258.439941,2020-07-29
"2020-07-30",3231.76001,3250.919922,3204.129883,3246.219971,4254010000,3246.219971,2020-07-30
"2020-07-31",3270.449951,3272.169922,3220.26001,3271.120117,5117260000,3271.120117,2020-07-31
"2020-08-03",3288.26001,3302.72998,3284.530029,3294.610107,4643640000,3294.610107,2020-08-03
"2020-08-04",3289.919922,3306.840088,3286.370117,3306.51001,4621670000,3306.51001,2020-08-04
"2020-08-05",3317.370117,3330.77002,3317.370117,3327.77002,4732220000,3327.77002,2020-08-05
"2020-08-06",3323.169922,3351.030029,3318.139893,3349.159912,4267490000,3349.159912,2020-08-06
"2020-08-07",3340.050049,3352.540039,3328.719971,3351.280029,4104860000,3351.280029,2020-08-07
"2020-08-10",3356.040039,3363.290039,3335.439941,3360.469971,4318570000,3360.469971,2020-08-10
"2020-08-11",3370.340088,3381.01001,3326.439941,3333.689941,5087650000,3333.689941,2020-08-11
"2020-08-12",3355.459961,3387.889893,3355.459961,3380.350098,3768560000,3380.350098,2020-08-12
"2020-08-13",3372.949951,3387.23999,3363.350098,3373.429932,3648810000,3373.429932,2020-08-13
"2020-08-14",3368.659912,3378.51001,3361.639893,3372.850098,3193400000,3372.850098,2020-08-14
"2020-08-17",3380.860107,3387.590088,3379.219971,3381.98999,3671290000,3381.98999,2020-08-17
"2020-08-18",3387.040039,3395.060059,3370.149902,3389.780029,3881310000,3389.780029,2020-08-18
"2020-08-19",3392.51001,3399.540039,3369.659912,3374.850098,3884480000,3374.850098,2020-08-19
"2020-08-20",3360.47998,3390.800049,3354.689941,3385.51001,3642850000,3385.51001,2020-08-20
"2020-08-21",3386.01001,3399.959961,3379.310059,3397.159912,3705420000,3397.159912,2020-08-21
"2020-08-24",3418.090088,3432.090088,3413.129883,3431.280029,3728690000,3431.280029,2020-08-24
"2020-08-25",3435.949951,3444.209961,3425.840088,3443.620117,3619300000,3443.620117,2020-08-25
"2020-08-26",3449.969971,3481.070068,3444.149902,3478.72998,3754360000,3478.72998,2020-08-26
"2020-08-27",3485.139893,3501.379883,3468.350098,3484.550049,3929560000,3484.550049,2020-08-27
"2020-08-28",3494.689941,3509.22998,3484.320068,3508.01001,3855880000,3508.01001,2020-08-28
"2020-08-31",3509.72998,3514.77002,3493.25,3500.310059,4342290000,3500.310059,2020-08-31
"2020-09-01",3507.439941,3528.030029,3494.600098,3526.649902,4083110000,3526.649902,2020-09-01
"2020-09-02",3543.76001,3588.110107,3535.22998,3580.840088,4285190000,3580.840088,2020-09-02
"2020-09-03",3564.73999,3564.850098,3427.409912,3455.060059,4898680000,3455.060059,2020-09-03
"2020-09-04",3453.600098,3479.149902,3349.629883,3426.959961,4431440000,3426.959961,2020-09-04
"2020-09-08",3371.879883,3379.969971,3329.27002,3331.840088,4665600000,3331.840088,2020-09-08
"2020-09-09",3369.820068,3424.77002,3366.840088,3398.959961,3920830000,3398.959961,2020-09-09
"2020-09-10",3412.560059,3425.550049,3329.25,3339.189941,4192250000,3339.189941,2020-09-10
"2020-09-11",3352.699951,3368.949951,3310.469971,3340.969971,3704450000,3340.969971,2020-09-11
"2020-09-14",3363.560059,3402.929932,3363.560059,3383.540039,3832130000,3383.540039,2020-09-14
"2020-09-15",3407.72998,3419.47998,3389.25,3401.199951,4051460000,3401.199951,2020-09-15
"2020-09-16",3411.22998,3428.919922,3384.449951,3385.48999,4710030000,3385.48999,2020-09-16
"2020-09-17",3346.860107,3375.169922,3328.820068,3357.01001,4371940000,3357.01001,2020-09-17
"2020-09-18",3357.379883,3362.27002,3292.399902,3319.469971,7068700000,3319.469971,2020-09-18
"2020-09-21",3285.570068,3285.570068,3229.100098,3281.060059,4828350000,3281.060059,2020-09-21
"2020-09-22",3295.75,3320.310059,3270.949951,3315.570068,3963300000,3315.570068,2020-09-22
"2020-09-23",3320.110107,3323.350098,3232.570068,3236.919922,4364500000,3236.919922,2020-09-23
"2020-09-24",3226.139893,3278.699951,3209.449951,3246.590088,4599470000,3246.590088,2020-09-24
"2020-09-25",3236.659912,3306.879883,3228.439941,3298.459961,3792220000,3298.459961,2020-09-25
"2020-09-28",3333.899902,3360.73999,3332.909912,3351.600098,3946060000,3351.600098,2020-09-28
"2020-09-29",3350.919922,3357.919922,3327.540039,3335.469971,3651880000,3335.469971,2020-09-29
"2020-09-30",3341.209961,3393.560059,3340.469971,3363,4722530000,3363,2020-09-30
"2020-10-01",3385.870117,3397.179932,3361.389893,3380.800049,4070530000,3380.800049,2020-10-01
"2020-10-02",3338.939941,3369.100098,3323.689941,3348.419922,3961550000,3348.419922,2020-10-02
"2020-10-05",3367.27002,3409.570068,3367.27002,3408.600098,3686920000,3408.600098,2020-10-05
"2020-10-06",3408.73999,3431.560059,3354.540039,3360.969971,4443380000,3360.969971,2020-10-06
"2020-10-07",3384.560059,3426.26001,3384.560059,3419.439941,3807830000,3419.439941,2020-10-07
"2020-10-08",3434.280029,3447.280029,3428.149902,3446.830078,3856190000,3446.830078,2020-10-08
"2020-10-09",3459.669922,3482.340088,3458.070068,3477.139893,3939060000,3477.139893,2020-10-09
"2020-10-12",3500.02002,3549.850098,3499.610107,3534.219971,3428970000,3534.219971,2020-10-12
"2020-10-13",3534.01001,3534.01001,3500.860107,3511.929932,3605150000,3511.929932,2020-10-13
"2020-10-14",3515.469971,3527.939941,3480.550049,3488.669922,3840630000,3488.669922,2020-10-14
"2020-10-15",3453.719971,3489.080078,3440.889893,3483.340088,3717640000,3483.340088,2020-10-15
"2020-10-16",3493.5,3515.76001,3480.449951,3483.810059,4675890000,3483.810059,2020-10-16
"2020-10-19",3493.659912,3502.419922,3419.929932,3426.919922,4086200000,3426.919922,2020-10-19
"2020-10-20",3439.379883,3476.929932,3435.649902,3443.120117,3901260000,3443.120117,2020-10-20
"2020-10-21",3439.909912,3464.860107,3433.060059,3435.560059,4097750000,3435.560059,2020-10-21
"2020-10-22",3438.5,3460.530029,3415.340088,3453.48999,4163630000,3453.48999,2020-10-22
"2020-10-23",3464.899902,3466.459961,3440.449951,3465.389893,3646570000,3465.389893,2020-10-23
"2020-10-26",3441.419922,3441.419922,3364.860107,3400.969971,3988080000,3400.969971,2020-10-26
"2020-10-27",3403.149902,3409.51001,3388.709961,3390.679932,3946990000,3390.679932,2020-10-27
"2020-10-28",3342.47998,3342.47998,3268.889893,3271.030029,5129860000,3271.030029,2020-10-28
"2020-10-29",3277.169922,3341.050049,3259.820068,3310.110107,4903070000,3310.110107,2020-10-29
"2020-10-30",3293.590088,3304.929932,3233.939941,3269.959961,4840450000,3269.959961,2020-10-30
"2020-11-02",3296.199951,3330.139893,3279.73999,3310.23999,4310590000,3310.23999,2020-11-02
"2020-11-03",3336.25,3389.48999,3336.25,3369.159912,4220070000,3369.159912,2020-11-03
"2020-11-04",3406.459961,3486.25,3405.169922,3443.439941,4783040000,3443.439941,2020-11-04
"2020-11-05",3485.73999,3529.050049,3485.73999,3510.449951,4841190000,3510.449951,2020-11-05
"2020-11-06",3508.340088,3521.580078,3484.340088,3509.439941,4833950000,3509.439941,2020-11-06
"2020-11-09",3583.040039,3645.98999,3547.47998,3550.5,8556610000,3550.5,2020-11-09
"2020-11-10",3543.26001,3557.219971,3511.909912,3545.530029,6024230000,3545.530029,2020-11-10
"2020-11-11",3563.219971,3581.159912,3557,3572.659912,4609970000,3572.659912,2020-11-11
"2020-11-12",3562.669922,3569.02002,3518.580078,3537.01001,4890120000,3537.01001,2020-11-12
"2020-11-13",3552.570068,3593.659912,3552.570068,3585.149902,4709670000,3585.149902,2020-11-13
"2020-11-16",3600.159912,3628.51001,3600.159912,3626.909912,5281980000,3626.909912,2020-11-16
"2020-11-17",3610.310059,3623.110107,3588.679932,3609.530029,4799570000,3609.530029,2020-11-17
"2020-11-18",3612.090088,3619.090088,3567.330078,3567.790039,5274450000,3567.790039,2020-11-18
"2020-11-19",3559.409912,3585.219971,3543.840088,3581.870117,4347200000,3581.870117,2020-11-19
"2020-11-20",3579.310059,3581.22998,3556.850098,3557.540039,4218970000,3557.540039,2020-11-20
"2020-11-23",3566.820068,3589.810059,3552.77002,3577.590088,5036290000,3577.590088,2020-11-23
"2020-11-24",3594.52002,3642.310059,3594.52002,3635.409912,6267570000,3635.409912,2020-11-24
"2020-11-25",3635.5,3635.5,3617.76001,3629.649902,4902560000,3629.649902,2020-11-25
"2020-11-27",3638.550049,3644.310059,3629.330078,3638.350098,2778450000,3638.350098,2020-11-27
"2020-11-30",3634.179932,3634.179932,3594.389893,3621.629883,6291400000,3621.629883,2020-11-30
"2020-12-01",3645.870117,3678.449951,3645.870117,3662.449951,5403660000,3662.449951,2020-12-01
"2020-12-02",3653.780029,3670.959961,3644.840088,3669.01001,5029620000,3669.01001,2020-12-02
"2020-12-03",3668.280029,3682.72998,3657.169922,3666.719971,5091760000,3666.719971,2020-12-03
"2020-12-04",3670.939941,3699.199951,3670.939941,3699.120117,5086370000,3699.120117,2020-12-04
"2020-12-07",3694.72998,3697.409912,3678.879883,3691.959961,4788560000,3691.959961,2020-12-07
"2020-12-08",3683.050049,3708.449951,3678.830078,3702.25,4549670000,3702.25,2020-12-08
"2020-12-09",3705.97998,3712.389893,3660.540039,3672.820068,5209940000,3672.820068,2020-12-09
"2020-12-10",3659.129883,3678.48999,3645.179932,3668.100098,4618240000,3668.100098,2020-12-10
"2020-12-11",3656.080078,3665.909912,3633.399902,3663.459961,4367150000,3663.459961,2020-12-11
"2020-12-14",3675.27002,3697.610107,3645.840088,3647.48999,4594920000,3647.48999,2020-12-14
"2020-12-15",3666.409912,3695.290039,3659.620117,3694.620117,4360280000,3694.620117,2020-12-15
"2020-12-16",3696.25,3711.27002,3688.570068,3701.169922,4056950000,3701.169922,2020-12-16
"2020-12-17",3713.649902,3725.120117,3710.870117,3722.47998,4184930000,3722.47998,2020-12-17
"2020-12-18",3722.389893,3726.699951,3685.840088,3709.409912,7068340000,3709.409912,2020-12-18
"2020-12-21",3684.280029,3702.899902,3636.47998,3694.919922,4732160000,3694.919922,2020-12-21
"2020-12-22",3698.080078,3698.26001,3676.159912,3687.26001,4023940000,3687.26001,2020-12-22
"2020-12-23",3693.419922,3711.23999,3689.280029,3690.01001,3772630000,3690.01001,2020-12-23
"2020-12-24",3694.030029,3703.820068,3689.320068,3703.060059,1885090000,3703.060059,2020-12-24
"2020-12-28",3723.030029,3740.51001,3723.030029,3735.360107,3527460000,3735.360107,2020-12-28
"2020-12-29",3750.01001,3756.120117,3723.310059,3727.040039,3387030000,3727.040039,2020-12-29
"2020-12-30",3736.189941,3744.629883,3730.209961,3732.040039,3145200000,3732.040039,2020-12-30
"2020-12-31",3733.27002,3760.199951,3726.879883,3756.070068,3172510000,3756.070068,2020-12-31
"2021-01-04",3764.610107,3769.98999,3662.709961,3700.649902,5006680000,3700.649902,2021-01-04
"2021-01-05",3698.02002,3737.830078,3695.070068,3726.860107,4582620000,3726.860107,2021-01-05
"2021-01-06",3712.199951,3783.040039,3705.340088,3748.139893,6049970000,3748.139893,2021-01-06
"2021-01-07",3764.709961,3811.550049,3764.709961,3803.790039,5080870000,3803.790039,2021-01-07
"2021-01-08",3815.050049,3826.689941,3783.600098,3824.679932,4764180000,3824.679932,2021-01-08
"2021-01-11",3803.139893,3817.860107,3789.02002,3799.610107,4450500000,3799.610107,2021-01-11
"2021-01-12",3801.620117,3810.780029,3776.51001,3801.189941,4977210000,3801.189941,2021-01-12
"2021-01-13",3802.22998,3820.959961,3791.5,3809.840088,4590420000,3809.840088,2021-01-13
"2021-01-14",3814.97998,3823.600098,3792.860107,3795.540039,5180140000,3795.540039,2021-01-14
"2021-01-15",3788.72998,3788.72998,3749.620117,3768.25,5353060000,3768.25,2021-01-15
"2021-01-19",3781.879883,3804.530029,3780.370117,3798.909912,4982940000,3798.909912,2021-01-19
"2021-01-20",3816.219971,3859.75,3816.219971,3851.850098,4551790000,3851.850098,2021-01-20
"2021-01-21",3857.459961,3861.449951,3845.050049,3853.070068,4484460000,3853.070068,2021-01-21
"2021-01-22",3844.23999,3852.310059,3830.409912,3841.469971,5080430000,3841.469971,2021-01-22
"2021-01-25",3851.679932,3859.22998,3797.159912,3855.360107,6955860000,3855.360107,2021-01-25
"2021-01-26",3862.959961,3870.899902,3847.780029,3849.620117,6029090000,3849.620117,2021-01-26
"2021-01-27",3836.830078,3836.830078,3732.47998,3750.77002,9878040000,3750.77002,2021-01-27
"2021-01-28",3755.75,3830.5,3755.75,3787.379883,6937960000,3787.379883,2021-01-28
"2021-01-29",3778.050049,3778.050049,3694.120117,3714.23999,6612570000,3714.23999,2021-01-29
"2021-02-01",3731.169922,3784.320068,3725.620117,3773.860107,5392870000,3773.860107,2021-02-01
"2021-02-02",3791.840088,3843.090088,3791.840088,3826.310059,5495370000,3826.310059,2021-02-02
"2021-02-03",3840.27002,3847.51001,3816.679932,3830.169922,4846900000,3830.169922,2021-02-03
"2021-02-04",3836.659912,3872.419922,3836.659912,3871.73999,4856670000,3871.73999,2021-02-04
"2021-02-05",3878.300049,3894.560059,3874.929932,3886.830078,4838580000,3886.830078,2021-02-05
"2021-02-08",3892.590088,3915.77002,3892.590088,3915.590088,4635030000,3915.590088,2021-02-08
"2021-02-09",3910.48999,3918.350098,3902.639893,3911.22998,4554610000,3911.22998,2021-02-09
"2021-02-10",3920.780029,3931.5,3884.939941,3909.879883,4815380000,3909.879883,2021-02-10
"2021-02-11",3916.399902,3925.98999,3890.389893,3916.379883,4570080000,3916.379883,2021-02-11
"2021-02-12",3911.649902,3937.22998,3905.780029,3934.830078,4119260000,3934.830078,2021-02-12
"2021-02-16",3939.610107,3950.429932,3923.850098,3932.590088,5037360000,3932.590088,2021-02-16
"2021-02-17",3918.5,3933.610107,3900.429932,3931.330078,4718280000,3931.330078,2021-02-17
"2021-02-18",3915.860107,3921.97998,3885.030029,3913.969971,4773430000,3913.969971,2021-02-18
"2021-02-19",3921.159912,3930.409912,3903.070068,3906.709961,4823940000,3906.709961,2021-02-19
"2021-02-22",3885.550049,3902.919922,3874.709961,3876.5,5870190000,3876.5,2021-02-22
"2021-02-23",3857.070068,3895.97998,3805.590088,3881.370117,6280650000,3881.370117,2021-02-23
"2021-02-24",3873.709961,3928.649902,3859.600098,3925.429932,5942350000,3925.429932,2021-02-24
"2021-02-25",3915.800049,3925.02002,3814.040039,3829.340088,6513060000,3829.340088,2021-02-25
"2021-02-26",3839.659912,3861.080078,3789.540039,3811.149902,6512950000,3811.149902,2021-02-26
"2021-03-01",3842.51001,3914.5,3842.51001,3901.820068,5071540000,3901.820068,2021-03-01
"2021-03-02",3903.639893,3906.409912,3868.570068,3870.290039,5493690000,3870.290039,2021-03-02
"2021-03-03",3863.98999,3874.469971,3818.860107,3819.719971,6150790000,3819.719971,2021-03-03
"2021-03-04",3818.530029,3843.669922,3723.340088,3768.469971,7142240000,3768.469971,2021-03-04
"2021-03-05",3793.580078,3851.689941,3730.189941,3841.939941,6842570000,3841.939941,2021-03-05
"2021-03-08",3844.389893,3881.060059,3819.25,3821.350098,5852240000,3821.350098,2021-03-08
"2021-03-09",3851.929932,3903.76001,3851.929932,3875.439941,5496340000,3875.439941,2021-03-09
"2021-03-10",3891.98999,3917.350098,3885.72998,3898.810059,5827250000,3898.810059,2021-03-10
"2021-03-11",3915.540039,3960.27002,3915.540039,3939.340088,5300010000,3939.340088,2021-03-11
"2021-03-12",3924.52002,3944.98999,3915.209961,3943.340088,4469240000,3943.340088,2021-03-12
"2021-03-15",3942.959961,3970.080078,3923.540039,3968.939941,4882190000,3968.939941,2021-03-15
"2021-03-16",3973.590088,3981.040039,3953.439941,3962.709961,4604870000,3962.709961,2021-03-16
"2021-03-17",3949.570068,3983.870117,3935.73999,3974.120117,4541620000,3974.120117,2021-03-17
"2021-03-18",3953.5,3969.620117,3910.860107,3915.459961,4043170000,3915.459961,2021-03-18
"2021-03-19",3913.139893,3930.120117,3886.75,3913.100098,7725050000,3913.100098,2021-03-19
"2021-03-22",3916.47998,3955.310059,3914.159912,3940.590088,4311380000,3940.590088,2021-03-22
"2021-03-23",3937.600098,3949.129883,3901.570068,3910.52002,4645340000,3910.52002,2021-03-23
"2021-03-24",3919.929932,3942.080078,3889.070068,3889.139893,4766990000,3889.139893,2021-03-24
"2021-03-25",3879.340088,3919.540039,3853.5,3909.52002,4940800000,3909.52002,2021-03-25
"2021-03-26",3917.120117,3978.189941,3917.120117,3974.540039,5467850000,3974.540039,2021-03-26
"2021-03-29",3969.310059,3981.830078,3943.25,3971.090088,4619840000,3971.090088,2021-03-29
"2021-03-30",3963.340088,3968.01001,3944.350098,3958.550049,4103570000,3958.550049,2021-03-30
"2021-03-31",3967.25,3994.409912,3966.97998,3972.889893,4564980000,3972.889893,2021-03-31
"2021-04-01",3992.780029,4020.629883,3992.780029,4019.870117,4151240000,4019.870117,2021-04-01
"2021-04-05",4034.439941,4083.419922,4034.439941,4077.909912,3999760000,4077.909912,2021-04-05
"2021-04-06",4075.570068,4086.22998,4068.139893,4073.939941,4027880000,4073.939941,2021-04-06
"2021-04-07",4074.290039,4083.129883,4068.310059,4079.949951,4112640000,4079.949951,2021-04-07
"2021-04-08",4089.949951,4098.189941,4082.540039,4097.169922,3901910000,4097.169922,2021-04-08
"2021-04-09",4096.109863,4129.47998,4095.51001,4128.799805,3634910000,4128.799805,2021-04-09
"2021-04-12",4124.709961,4131.759766,4114.819824,4127.990234,3578500000,4127.990234,2021-04-12
"2021-04-13",4130.100098,4148,4124.430176,4141.589844,3728440000,4141.589844,2021-04-13
"2021-04-14",4141.580078,4151.689941,4120.870117,4124.660156,3976540000,4124.660156,2021-04-14
"2021-04-15",4139.759766,4173.490234,4139.759766,4170.419922,4027680000,4170.419922,2021-04-15
"2021-04-16",4174.140137,4191.310059,4170.75,4185.470215,4157430000,4185.470215,2021-04-16
"2021-04-19",4179.799805,4180.810059,4150.470215,4163.259766,3788020000,4163.259766,2021-04-19
"2021-04-20",4159.180176,4159.180176,4118.379883,4134.939941,4338230000,4134.939941,2021-04-20
"2021-04-21",4128.419922,4175.02002,4126.350098,4173.419922,3865820000,4173.419922,2021-04-21
"2021-04-22",4170.459961,4179.569824,4123.689941,4134.97998,4235040000,4134.97998,2021-04-22
"2021-04-23",4138.779785,4194.169922,4138.779785,4180.169922,3568080000,4180.169922,2021-04-23
"2021-04-26",4185.029785,4194.189941,4182.359863,4187.620117,3738920000,4187.620117,2021-04-26
"2021-04-27",4188.25,4193.350098,4176.220215,4186.720215,3703240000,4186.720215,2021-04-27
"2021-04-28",4185.140137,4201.529785,4181.779785,4183.180176,3772390000,4183.180176,2021-04-28
"2021-04-29",4206.140137,4218.779785,4176.810059,4211.470215,4288940000,4211.470215,2021-04-29
"2021-04-30",4198.100098,4198.100098,4174.850098,4181.169922,4273680000,4181.169922,2021-04-30
"2021-05-03",4191.97998,4209.390137,4188.029785,4192.660156,4061170000,4192.660156,2021-05-03
"2021-05-04",4179.040039,4179.040039,4128.589844,4164.660156,4441080000,4164.660156,2021-05-04
"2021-05-05",4177.060059,4187.720215,4160.939941,4167.589844,4029050000,4167.589844,2021-05-05
"2021-05-06",4169.140137,4202.700195,4147.330078,4201.620117,4504860000,4201.620117,2021-05-06
"2021-05-07",4210.339844,4238.040039,4201.640137,4232.600098,4013060000,4232.600098,2021-05-07
"2021-05-10",4228.290039,4236.390137,4188.129883,4188.430176,3678970000,4188.430176,2021-05-10
"2021-05-11",4150.339844,4162.040039,4111.529785,4152.100098,3593110000,4152.100098,2021-05-11
"2021-05-12",4130.549805,4134.72998,4056.879883,4063.040039,3735080000,4063.040039,2021-05-12
"2021-05-13",4074.98999,4131.580078,4074.98999,4112.5,3687780000,4112.5,2021-05-13
"2021-05-14",4129.580078,4183.129883,4129.580078,4173.850098,3251920000,4173.850098,2021-05-14
"2021-05-17",4169.919922,4171.919922,4142.689941,4163.290039,3307130000,4163.290039,2021-05-17
"2021-05-18",4165.939941,4169.149902,4125.990234,4127.830078,3559790000,4127.830078,2021-05-18
"2021-05-19",4098.450195,4116.930176,4061.409912,4115.680176,3485550000,4115.680176,2021-05-19
"2021-05-20",4121.970215,4172.799805,4121.970215,4159.120117,3019060000,4159.120117,2021-05-20
"2021-05-21",4168.609863,4188.720215,4151.720215,4155.859863,3344620000,4155.859863,2021-05-21
"2021-05-24",4170.160156,4209.52002,4170.160156,4197.049805,2947400000,4197.049805,2021-05-24
"2021-05-25",4205.939941,4213.419922,4182.52002,4188.129883,3420870000,4188.129883,2021-05-25
"2021-05-26",4191.589844,4202.609863,4184.109863,4195.990234,3674490000,4195.990234,2021-05-26
"2021-05-27",4201.939941,4213.379883,4197.779785,4200.879883,5201110000,4200.879883,2021-05-27
"2021-05-28",4210.77002,4218.359863,4203.569824,4204.109863,4199270000,4204.109863,2021-05-28
"2021-06-01",4216.52002,4234.120117,4197.589844,4202.040039,4122960000,4202.040039,2021-06-01
"2021-06-02",4206.819824,4217.370117,4198.27002,4208.120117,4860930000,4208.120117,2021-06-02
"2021-06-03",4191.430176,4204.390137,4167.930176,4192.850098,4579450000,4192.850098,2021-06-03
"2021-06-04",4206.049805,4233.450195,4206.049805,4229.890137,3487070000,4229.890137,2021-06-04
"2021-06-07",4229.339844,4232.339844,4215.660156,4226.52002,3835570000,4226.52002,2021-06-07
"2021-06-08",4233.810059,4236.740234,4208.410156,4227.259766,3943870000,4227.259766,2021-06-08
"2021-06-09",4232.990234,4237.089844,4218.740234,4219.549805,3902870000,4219.549805,2021-06-09
"2021-06-10",4228.560059,4249.740234,4220.339844,4239.180176,3502480000,4239.180176,2021-06-10
